         Datum/Zeit;Psychro T;Psychro Tf;Pyranometer CM3;Temperatur; Feuchte;   Regen;Wind (m/s);Druck (hPa);Windmax (m/s)
08.02.2024 00:00:00;  101.00;  -50.00;   40.00;   -0.28;   0.921;       0;    0.04;  998.39;    0.36
08.02.2024 00:01:00;   95.97;  -50.00;   40.00;   -0.28;   0.921;       0;    0.24;  998.40;    0.40
08.02.2024 00:02:00;  101.00;  -50.00;   40.00;   -0.29;   0.920;       0;    0.21;  998.40;    0.45
08.02.2024 00:03:00;  101.00;  -50.00;   40.00;   -0.29;   0.920;       0;    0.07;  998.40;    0.19
08.02.2024 00:04:00;   85.90;  -50.00;   40.00;   -0.29;   0.920;       0;    0.26;  998.40;    0.35
08.02.2024 00:05:00;  101.00;  -50.00;   40.00;   -0.29;   0.920;       0;    0.24;  998.40;    0.30
08.02.2024 00:06:00;  101.00;  -50.00;   40.00;   -0.29;   0.920;       0;    0.05;  998.40;    0.18
08.02.2024 00:07:00;  101.00;  -50.00;   40.00;   -0.31;   0.920;       0;    0.00;  998.40;    0.00
08.02.2024 00:08:00;  101.00;  -50.00;   40.00;   -0.33;   0.920;       0;    0.00;  998.40;    0.01
08.02.2024 00:09:00;  101.00;  -50.00;   40.00;   -0.35;   0.919;       0;    0.00;  998.39;    0.00
08.02.2024 00:10:00;   85.90;  -50.00;   40.00;   -0.37;   0.919;       0;    0.00;  998.39;    0.00
08.02.2024 00:11:00;  101.00;  -50.00;   40.00;   -0.40;   0.919;       0;    0.00;  998.40;    0.00
08.02.2024 00:12:00;  101.00;  -50.00;   40.00;   -0.43;   0.918;       0;    0.00;  998.41;    0.00
08.02.2024 00:13:00;  101.00;  -50.00;   40.00;   -0.45;   0.918;       0;    0.00;  998.42;    0.00
08.02.2024 00:14:00;  101.00;  -50.00;   40.00;   -0.47;   0.918;       0;    0.00;  998.41;    0.00
08.02.2024 00:15:00;  101.00;  -50.00;   40.00;   -0.49;   0.919;       0;    0.00;  998.40;    0.00
08.02.2024 00:16:00;  101.00;  -50.00;   40.00;   -0.50;   0.919;       0;    0.00;  998.39;    0.00
08.02.2024 00:17:00;  101.00;  -50.00;   40.00;   -0.51;   0.920;       0;    0.00;  998.37;    0.00
08.02.2024 00:18:00;  101.00;   -5.34;   40.00;   -0.51;   0.920;       0;    0.00;  998.36;    0.00
08.02.2024 00:19:00;   95.97;   80.47;   40.00;   -0.51;   0.921;       0;    0.00;  998.35;    0.00
08.02.2024 00:20:00;  101.00;  100.00;   40.00;   -0.51;   0.922;       0;    0.00;  998.33;    0.00
08.02.2024 00:21:00;  101.00;  100.00;   40.00;   -0.52;   0.921;       0;    0.00;  998.32;    0.00
08.02.2024 00:22:00;  101.00;   95.00;   40.00;   -0.52;   0.921;       0;    0.06;  998.31;    0.29
08.02.2024 00:23:00;  101.00;  100.00;   40.00;   -0.52;   0.922;       0;    0.25;  998.30;    0.32
08.02.2024 00:24:00;  101.00;  100.00;   40.00;   -0.53;   0.921;       0;    0.25;  998.30;    0.35
08.02.2024 00:25:00;   95.97;  100.00;   40.00;   -0.54;   0.921;       0;    0.10;  998.28;    0.30
08.02.2024 00:26:00;  101.00;  100.00;   40.00;   -0.55;   0.921;       0;    0.01;  998.28;    0.03
08.02.2024 00:27:00;  101.00;  100.00;   40.00;   -0.58;   0.921;       0;    0.09;  998.28;    0.22
08.02.2024 00:28:00;  101.00;  100.00;   40.00;   -0.60;   0.920;       0;    0.01;  998.26;    0.18
08.02.2024 00:29:00;  101.00;  100.00;   40.00;   -0.62;   0.920;       0;    0.13;  998.25;    0.27
08.02.2024 00:30:00;  101.00;  100.00;   40.00;   -0.62;   0.921;       0;    0.38;  998.24;    0.50
08.02.2024 00:31:00;  101.00;  100.00;   40.00;   -0.60;   0.923;       0;    0.42;  998.23;    0.63
08.02.2024 00:32:00;  101.00;  100.00;   40.00;   -0.57;   0.925;       0;    0.68;  998.22;    0.85
08.02.2024 00:33:00;  101.00;  100.00;   40.00;   -0.52;   0.927;       0;    0.59;  998.21;    0.68
08.02.2024 00:34:00;  101.00;  100.00;   40.00;   -0.46;   0.929;       0;    0.59;  998.20;    0.61
08.02.2024 00:35:00;  101.00;  100.00;   40.00;   -0.44;   0.928;       0;    0.48;  998.16;    0.57
08.02.2024 00:36:00;  101.00;  100.00;   40.00;   -0.42;   0.927;       0;    0.46;  998.14;    0.52
08.02.2024 00:37:00;   85.90;  100.00;   40.00;   -0.40;   0.927;       0;    0.43;  998.11;    0.52
08.02.2024 00:38:00;  101.00;  100.00;   40.00;   -0.37;   0.927;       0;    0.42;  998.11;    0.51
08.02.2024 00:39:00;  101.00;  100.00;   40.00;   -0.36;   0.926;       0;    0.38;  998.10;    0.45
08.02.2024 00:40:00;  101.00;  100.00;   40.00;   -0.34;   0.926;       0;    0.39;  998.11;    0.43
08.02.2024 00:41:00;  101.00;  100.00;   40.00;   -0.33;   0.926;       0;    0.38;  998.10;    0.46
08.02.2024 00:42:00;   85.90;  100.00;   40.00;   -0.32;   0.925;       0;    0.07;  998.10;    0.27
08.02.2024 00:43:00;  101.00;  100.00;   40.00;   -0.32;   0.925;       0;    0.00;  998.09;    0.00
08.02.2024 00:44:00;  101.00;  100.00;   40.00;   -0.30;   0.926;       0;    0.00;  998.08;    0.00
08.02.2024 00:45:00;  101.00;  100.00;   40.00;   -0.28;   0.926;       0;    0.00;  998.08;    0.00
08.02.2024 00:46:00;  101.00;  100.00;   40.00;   -0.27;   0.926;       0;    0.00;  998.06;    0.00
08.02.2024 00:47:00;  101.00;  100.00;   40.00;   -0.27;   0.926;       0;    0.00;  998.05;    0.00
08.02.2024 00:48:00;   95.97;  100.00;   40.00;   -0.27;   0.926;       0;    0.00;  998.05;    0.00
08.02.2024 00:49:00;   95.97;  100.00;   40.00;   -0.26;   0.925;       0;    0.00;  998.04;    0.00
08.02.2024 00:50:00;  101.00;  100.00;   40.00;   -0.27;   0.925;       0;    0.00;  998.04;    0.00
08.02.2024 00:51:00;  101.00;  100.00;   40.00;   -0.27;   0.925;       0;    0.00;  998.02;    0.00
08.02.2024 00:52:00;   95.97;  100.00;   40.00;   -0.27;   0.925;       0;    0.00;  998.02;    0.00
08.02.2024 00:53:00;  101.00;  100.00;   40.00;   -0.26;   0.925;       0;    0.00;  998.03;    0.00
08.02.2024 00:54:00;  101.00;  100.00;   40.00;   -0.26;   0.926;       0;    0.00;  998.04;    0.00
08.02.2024 00:55:00;  101.00;  100.00;   40.00;   -0.23;   0.927;       0;    0.00;  998.04;    0.00
08.02.2024 00:56:00;  101.00;  100.00;   40.00;   -0.23;   0.927;       0;    0.00;  998.03;    0.00
08.02.2024 00:57:00;  101.00;  100.00;   40.00;   -0.23;   0.926;       0;    0.00;  998.02;    0.00
08.02.2024 00:58:00;  101.00;  100.00;   40.00;   -0.24;   0.926;       0;    0.00;  998.00;    0.00
08.02.2024 00:59:00;  101.00;  100.00;   40.00;   -0.23;   0.926;       0;    0.00;  997.99;    0.00
08.02.2024 01:00:00;  101.00;  100.00;   40.00;   -0.23;   0.927;       0;    0.00;  997.99;    0.00
08.02.2024 01:01:00;   95.97;  100.00;   40.00;   -0.23;   0.927;       0;    0.00;  998.00;    0.00
08.02.2024 01:02:00;  101.00;  100.00;   40.00;   -0.23;   0.926;       0;    0.00;  997.99;    0.00
08.02.2024 01:03:00;  101.00;  100.00;   40.00;   -0.25;   0.925;       0;    0.00;  997.98;    0.00
08.02.2024 01:04:00;  101.00;  100.00;   40.00;   -0.26;   0.925;       0;    0.00;  997.98;    0.00
08.02.2024 01:05:00;   85.90;  100.00;   40.00;   -0.26;   0.926;       0;    0.00;  997.99;    0.00
08.02.2024 01:06:00;  101.00;  100.00;   40.00;   -0.26;   0.926;       0;    0.00;  997.99;    0.00
08.02.2024 01:07:00;  101.00;  100.00;   40.00;   -0.27;   0.926;       0;    0.00;  997.98;    0.00
08.02.2024 01:08:00;  101.00;  100.00;   40.00;   -0.27;   0.926;       0;    0.00;  997.98;    0.00
08.02.2024 01:09:00;   95.97;  100.00;   40.00;   -0.28;   0.926;       0;    0.00;  997.99;    0.00
08.02.2024 01:10:00;   95.97;  100.00;   40.00;   -0.29;   0.926;       0;    0.00;  998.00;    0.00
08.02.2024 01:11:00;  101.00;  100.00;   40.00;   -0.30;   0.925;       0;    0.00;  997.99;    0.00
08.02.2024 01:12:00;  101.00;  100.00;   40.00;   -0.30;   0.926;       0;    0.00;  997.97;    0.00
08.02.2024 01:13:00;  101.00;  100.00;   40.00;   -0.30;   0.927;       0;    0.00;  997.96;    0.00
08.02.2024 01:14:00;   95.97;  100.00;   40.00;   -0.28;   0.928;       0;    0.00;  997.95;    0.00
08.02.2024 01:15:00;  101.00;  100.00;   40.00;   -0.26;   0.929;       0;    0.00;  997.93;    0.00
08.02.2024 01:16:00;   95.97;  100.00;   40.00;   -0.23;   0.930;       0;    0.00;  997.93;    0.00
08.02.2024 01:17:00;  101.00;  100.00;   40.00;   -0.21;   0.930;       0;    0.00;  997.92;    0.00
08.02.2024 01:18:00;  101.00;  100.00;   40.00;   -0.21;   0.929;       0;    0.00;  997.91;    0.00
08.02.2024 01:19:00;  101.00;  100.00;   40.00;   -0.21;   0.928;       0;    0.00;  997.92;    0.00
08.02.2024 01:20:00;  101.00;  100.00;   40.00;   -0.22;   0.927;       0;    0.00;  997.93;    0.00
08.02.2024 01:21:00;  101.00;  100.00;   40.00;   -0.22;   0.928;       0;    0.00;  997.94;    0.00
08.02.2024 01:22:00;  101.00;  100.00;   40.00;   -0.21;   0.928;       0;    0.00;  997.95;    0.00
08.02.2024 01:23:00;  101.00;  100.00;   40.00;   -0.21;   0.928;       0;    0.00;  997.95;    0.00
08.02.2024 01:24:00;  101.00;  100.00;   40.00;   -0.22;   0.927;       0;    0.00;  997.96;    0.00
08.02.2024 01:25:00;  101.00;  100.00;   40.00;   -0.22;   0.927;       0;    0.00;  997.95;    0.00
08.02.2024 01:26:00;  101.00;  100.00;   40.00;   -0.22;   0.928;       0;    0.00;  997.92;    0.00
08.02.2024 01:27:00;  101.00;  100.00;   40.00;   -0.21;   0.929;       0;    0.00;  997.90;    0.00
08.02.2024 01:28:00;  101.00;  100.00;   40.00;   -0.18;   0.930;       0;    0.19;  997.87;    0.47
08.02.2024 01:29:00;  101.00;  100.00;   40.00;   -0.15;   0.931;       0;    0.51;  997.85;    0.59
08.02.2024 01:30:00;  101.00;  100.00;   40.00;   -0.11;   0.932;       0;    0.55;  997.85;    0.58
08.02.2024 01:31:00;  101.00;  100.00;   40.00;   -0.09;   0.932;       0;    0.51;  997.82;    0.53
08.02.2024 01:32:00;  101.00;  100.00;   40.00;   -0.08;   0.931;       0;    0.47;  997.80;    0.52
08.02.2024 01:33:00;  101.00;  100.00;   40.00;   -0.07;   0.931;       0;    0.42;  997.80;    0.47
08.02.2024 01:34:00;  101.00;  100.00;   40.00;   -0.08;   0.930;       0;    0.30;  997.80;    0.34
08.02.2024 01:35:00;  101.00;  100.00;   40.00;   -0.08;   0.929;       0;    0.27;  997.81;    0.30
08.02.2024 01:36:00;  101.00;  100.00;   40.00;   -0.09;   0.929;       0;    0.27;  997.82;    0.31
08.02.2024 01:37:00;  101.00;  100.00;   40.00;   -0.09;   0.929;       0;    0.30;  997.83;    0.33
08.02.2024 01:38:00;   95.97;  100.00;   40.00;   -0.09;   0.929;       0;    0.33;  997.84;    0.40
08.02.2024 01:39:00;  101.00;  100.00;   40.00;   -0.10;   0.929;       0;    0.33;  997.84;    0.40
08.02.2024 01:40:00;  101.00;  100.00;   40.00;   -0.11;   0.928;       0;    0.30;  997.85;    0.36
08.02.2024 01:41:00;  101.00;  100.00;   40.00;   -0.12;   0.928;       0;    0.06;  997.86;    0.24
08.02.2024 01:42:00;  101.00;  100.00;   40.00;   -0.14;   0.927;       0;    0.00;  997.85;    0.01
08.02.2024 01:43:00;  101.00;  100.00;   40.00;   -0.16;   0.927;       0;    0.00;  997.87;    0.00
08.02.2024 01:44:00;  101.00;  100.00;   40.00;   -0.17;   0.928;       0;    0.00;  997.89;    0.00
08.02.2024 01:45:00;   95.97;  100.00;   40.00;   -0.19;   0.927;       0;    0.12;  997.90;    0.34
08.02.2024 01:46:00;   95.97;  100.00;   40.00;   -0.20;   0.927;       0;    0.30;  997.89;    0.36
08.02.2024 01:47:00;  101.00;  100.00;   40.00;   -0.21;   0.928;       0;    0.11;  997.88;    0.23
08.02.2024 01:48:00;  101.00;  100.00;   40.00;   -0.22;   0.928;       0;    0.05;  997.86;    0.14
08.02.2024 01:49:00;  101.00;  100.00;   40.00;   -0.23;   0.928;       0;    0.04;  997.84;    0.31
08.02.2024 01:50:00;  101.00;  100.00;   40.00;   -0.23;   0.929;       0;    0.39;  997.81;    0.52
08.02.2024 01:51:00;  101.00;  100.00;   40.00;   -0.23;   0.929;       0;    0.56;  997.81;    0.67
08.02.2024 01:52:00;  101.00;  100.00;   40.00;   -0.23;   0.929;       0;    0.64;  997.80;    0.76
08.02.2024 01:53:00;  101.00;  100.00;   40.00;   -0.24;   0.929;       0;    0.54;  997.80;    0.62
08.02.2024 01:54:00;  101.00;  100.00;   40.00;   -0.24;   0.930;       0;    0.61;  997.79;    0.68
08.02.2024 01:55:00;  101.00;  100.00;   40.00;   -0.23;   0.930;       0;    0.55;  997.78;    0.60
08.02.2024 01:56:00;  101.00;  100.00;   40.00;   -0.23;   0.930;       0;    0.61;  997.76;    0.78
08.02.2024 01:57:00;   85.90;  100.00;   40.00;   -0.22;   0.930;       0;    0.68;  997.75;    0.80
08.02.2024 01:58:00;   95.97;  100.00;   40.00;   -0.21;   0.931;       0;    0.70;  997.73;    0.84
08.02.2024 01:59:00;  101.00;  100.00;   40.00;   -0.19;   0.931;       0;    0.80;  997.72;    0.91
08.02.2024 02:00:00;  101.00;  100.00;   40.00;   -0.17;   0.933;       0;    0.80;  997.71;    0.89
08.02.2024 02:01:00;  101.00;  100.00;   40.00;   -0.14;   0.933;       0;    0.86;  997.70;    0.99
08.02.2024 02:02:00;   95.97;  100.00;   40.00;   -0.11;   0.933;       0;    0.74;  997.68;    0.87
08.02.2024 02:03:00;   95.97;  100.00;   40.00;   -0.07;   0.934;       0;    0.66;  997.67;    0.69
08.02.2024 02:04:00;  101.00;  100.00;   40.00;   -0.03;   0.935;       0;    0.55;  997.68;    0.67
08.02.2024 02:05:00;  101.00;  100.00;   40.00;    0.00;   0.934;       0;    0.40;  997.68;    0.53
08.02.2024 02:06:00;  101.00;  100.00;   40.00;    0.02;   0.934;       0;    0.37;  997.68;    0.42
08.02.2024 02:07:00;   95.97;  100.00;   40.00;    0.05;   0.935;       0;    0.33;  997.69;    0.42
08.02.2024 02:08:00;  101.00;  100.00;   40.00;    0.08;   0.935;       0;    0.45;  997.70;    0.51
08.02.2024 02:09:00;   90.93;  100.00;   40.00;    0.13;   0.936;       0;    0.36;  997.70;    0.48
08.02.2024 02:10:00;  101.00;  100.00;   40.00;    0.17;   0.936;       0;    0.39;  997.73;    0.53
08.02.2024 02:11:00;  101.00;  100.00;   40.00;    0.20;   0.936;       0;    0.40;  997.74;    0.51
08.02.2024 02:12:00;  101.00;  100.00;   40.00;    0.22;   0.935;       0;    0.47;  997.75;    0.57
08.02.2024 02:13:00;   90.93;  100.00;   40.00;    0.24;   0.935;       0;    0.38;  997.76;    0.56
08.02.2024 02:14:00;  101.00;  100.00;   40.00;    0.26;   0.934;       0;    0.34;  997.77;    0.46
08.02.2024 02:15:00;  101.00;  100.00;   40.00;    0.26;   0.933;       0;    0.12;  997.79;    0.37
08.02.2024 02:16:00;   95.97;  100.00;   40.00;    0.26;   0.933;       0;    0.00;  997.79;    0.00
08.02.2024 02:17:00;  101.00;  100.00;   40.00;    0.25;   0.932;       0;    0.05;  997.79;    0.25
08.02.2024 02:18:00;   85.90;  100.00;   40.00;    0.24;   0.932;       0;    0.20;  997.80;    0.27
08.02.2024 02:19:00;  101.00;  100.00;   40.00;    0.25;   0.932;       0;    0.00;  997.81;    0.09
08.02.2024 02:20:00;  101.00;  100.00;   40.00;    0.25;   0.932;       0;    0.00;  997.81;    0.00
08.02.2024 02:21:00;   95.97;  100.00;   40.00;    0.24;   0.931;       0;    0.03;  997.81;    0.10
08.02.2024 02:22:00;   95.97;  100.00;   40.00;    0.23;   0.931;       0;    0.00;  997.82;    0.00
08.02.2024 02:23:00;  101.00;  100.00;   40.00;    0.21;   0.931;       0;    0.00;  997.83;    0.00
08.02.2024 02:24:00;  101.00;  100.00;   40.00;    0.19;   0.930;       0;    0.00;  997.84;    0.01
08.02.2024 02:25:00;  101.00;  100.00;   40.00;    0.17;   0.930;       0;    0.00;  997.85;    0.01
08.02.2024 02:26:00;   85.90;  100.00;   40.00;    0.15;   0.929;       0;    0.00;  997.86;    0.00
08.02.2024 02:27:00;  101.00;  100.00;   40.00;    0.12;   0.930;       0;    0.00;  997.86;    0.00
08.02.2024 02:28:00;  101.00;  100.00;   40.00;    0.09;   0.929;       0;    0.00;  997.86;    0.00
08.02.2024 02:29:00;  101.00;  100.00;   40.00;    0.07;   0.929;       0;    0.00;  997.86;    0.00
08.02.2024 02:30:00;  101.00;  100.00;   40.00;    0.03;   0.929;       0;    0.00;  997.85;    0.00
08.02.2024 02:31:00;  101.00;  100.00;   40.00;    0.01;   0.929;       0;    0.00;  997.84;    0.00
08.02.2024 02:32:00;   95.97;  100.00;   40.00;   -0.01;   0.929;       0;    0.00;  997.84;    0.00
08.02.2024 02:33:00;  101.00;  100.00;   40.00;   -0.03;   0.930;       0;    0.00;  997.84;    0.00
08.02.2024 02:34:00;  101.00;  100.00;   40.00;   -0.05;   0.930;       0;    0.00;  997.85;    0.00
08.02.2024 02:35:00;  101.00;  100.00;   40.00;   -0.06;   0.931;       0;    0.00;  997.85;    0.00
08.02.2024 02:36:00;  101.00;  100.00;   40.00;   -0.06;   0.931;       0;    0.00;  997.85;    0.00
08.02.2024 02:37:00;  101.00;  100.00;   40.00;   -0.05;   0.932;       0;    0.00;  997.86;    0.00
08.02.2024 02:38:00;  101.00;  100.00;   40.00;   -0.05;   0.932;       0;    0.33;  997.87;    0.48
08.02.2024 02:39:00;  101.00;  100.00;   40.00;   -0.06;   0.932;       0;    0.32;  997.87;    0.43
08.02.2024 02:40:00;  101.00;  100.00;   40.00;   -0.05;   0.933;       0;    0.02;  997.87;    0.20
08.02.2024 02:41:00;  101.00;  100.00;   40.00;   -0.04;   0.933;       0;    0.04;  997.87;    0.15
08.02.2024 02:42:00;   95.97;  100.00;   40.00;   -0.04;   0.933;       0;    0.00;  997.87;    0.00
08.02.2024 02:43:00;  101.00;  100.00;   40.00;   -0.04;   0.933;       0;    0.00;  997.87;    0.01
08.02.2024 02:44:00;  101.00;  100.00;   40.00;   -0.05;   0.933;       0;    0.00;  997.86;    0.00
08.02.2024 02:45:00;  101.00;  100.00;   40.00;   -0.07;   0.932;       0;    0.00;  997.85;    0.00
08.02.2024 02:46:00;  101.00;  100.00;   40.00;   -0.08;   0.932;       0;    0.00;  997.85;    0.00
08.02.2024 02:47:00;   95.97;  100.00;   40.00;   -0.09;   0.932;       0;    0.00;  997.85;    0.01
08.02.2024 02:48:00;  101.00;  100.00;   40.00;   -0.09;   0.932;       0;    0.03;  997.84;    0.14
08.02.2024 02:49:00;   90.93;  100.00;   40.00;   -0.09;   0.933;       0;    0.00;  997.82;    0.05
08.02.2024 02:50:00;   95.97;  100.00;   40.00;   -0.09;   0.933;       0;    0.34;  997.80;    0.52
08.02.2024 02:51:00;   95.97;  100.00;   40.00;   -0.08;   0.933;       0;    0.41;  997.78;    0.70
08.02.2024 02:52:00;  101.00;  100.00;   40.00;   -0.09;   0.933;       0;    0.67;  997.77;    0.79
08.02.2024 02:53:00;  101.00;  100.00;   40.00;   -0.08;   0.934;       0;    0.60;  997.75;    0.63
08.02.2024 02:54:00;  101.00;  100.00;   40.00;   -0.06;   0.935;       0;    0.48;  997.74;    0.64
08.02.2024 02:55:00;  101.00;  100.00;   40.00;   -0.04;   0.935;       0;    0.45;  997.74;    0.58
08.02.2024 02:56:00;  101.00;  100.00;   40.00;   -0.01;   0.936;       0;    0.47;  997.75;    0.59
08.02.2024 02:57:00;   90.93;  100.00;   40.00;    0.01;   0.936;       0;    0.34;  997.74;    0.44
08.02.2024 02:58:00;  101.00;  100.00;   40.00;    0.03;   0.937;       0;    0.25;  997.74;    0.37
08.02.2024 02:59:00;  101.00;  100.00;   40.00;    0.06;   0.937;       0;    0.37;  997.72;    0.40
08.02.2024 03:00:00;  101.00;  100.00;   40.00;    0.10;   0.938;       0;    0.46;  997.71;    0.53
08.02.2024 03:01:00;  101.00;  100.00;   40.00;    0.12;   0.937;       0;    0.28;  997.69;    0.42
08.02.2024 03:02:00;  101.00;  100.00;   40.00;    0.13;   0.936;       0;    0.08;  997.68;    0.23
08.02.2024 03:03:00;  101.00;  100.00;   40.00;    0.14;   0.936;       0;    0.12;  997.68;    0.25
08.02.2024 03:04:00;  101.00;  100.00;   40.00;    0.15;   0.936;       0;    0.00;  997.67;    0.00
08.02.2024 03:05:00;  101.00;  100.00;   40.00;    0.15;   0.935;       0;    0.00;  997.68;    0.01
08.02.2024 03:06:00;  101.00;  100.00;   40.00;    0.16;   0.935;       0;    0.22;  997.70;    0.44
08.02.2024 03:07:00;  101.00;  100.00;   40.00;    0.16;   0.935;       0;    0.34;  997.73;    0.45
08.02.2024 03:08:00;   95.97;  100.00;   40.00;    0.16;   0.935;       0;    0.34;  997.73;    0.44
08.02.2024 03:09:00;  101.00;  100.00;   40.00;    0.16;   0.935;       0;    0.16;  997.73;    0.34
08.02.2024 03:10:00;  101.00;  100.00;   40.00;    0.16;   0.935;       0;    0.00;  997.73;    0.01
08.02.2024 03:11:00;  101.00;  100.00;   40.00;    0.16;   0.935;       0;    0.26;  997.74;    0.44
08.02.2024 03:12:00;  101.00;  100.00;   40.00;    0.17;   0.935;       0;    0.46;  997.74;    0.57
08.02.2024 03:13:00;  101.00;  100.00;   40.00;    0.18;   0.935;       0;    0.41;  997.73;    0.51
08.02.2024 03:14:00;   90.93;  100.00;   40.00;    0.19;   0.936;       0;    0.36;  997.72;    0.42
08.02.2024 03:15:00;  101.00;  100.00;   40.00;    0.20;   0.936;       0;    0.43;  997.72;    0.56
08.02.2024 03:16:00;  101.00;  100.00;   40.00;    0.20;   0.936;       0;    0.38;  997.72;    0.56
08.02.2024 03:17:00;  101.00;  100.00;   40.00;    0.20;   0.935;       0;    0.38;  997.73;    0.54
08.02.2024 03:18:00;  101.00;  100.00;   40.00;    0.20;   0.935;       0;    0.54;  997.72;    0.61
08.02.2024 03:19:00;   95.97;  100.00;   40.00;    0.20;   0.935;       0;    0.47;  997.71;    0.52
08.02.2024 03:20:00;   95.97;  100.00;   40.00;    0.21;   0.935;       0;    0.39;  997.68;    0.45
08.02.2024 03:21:00;   95.97;  100.00;   40.00;    0.21;   0.935;       0;    0.28;  997.66;    0.35
08.02.2024 03:22:00;  101.00;  100.00;   40.00;    0.22;   0.936;       0;    0.16;  997.64;    0.29
08.02.2024 03:23:00;   85.90;  100.00;   40.00;    0.25;   0.937;       0;    0.03;  997.64;    0.19
08.02.2024 03:24:00;  101.00;  100.00;   40.00;    0.29;   0.938;       0;    0.45;  997.63;    0.54
08.02.2024 03:25:00;  101.00;  100.00;   40.00;    0.33;   0.939;       0;    0.57;  997.64;    0.62
08.02.2024 03:26:00;  101.00;  100.00;   40.00;    0.37;   0.940;       0;    0.39;  997.65;    0.76
08.02.2024 03:27:00;  101.00;  100.00;   40.00;    0.41;   0.940;       0;    0.74;  997.66;    0.91
08.02.2024 03:28:00;   80.87;  100.00;   40.00;    0.43;   0.939;       0;    0.53;  997.64;    0.79
08.02.2024 03:29:00;   95.97;    5.00;   40.00;    0.45;   0.939;       0;    0.66;  997.61;    0.94
08.02.2024 03:30:00;  101.00;  -50.00;   40.00;    0.45;   0.938;       0;    0.64;  997.59;    0.79
08.02.2024 03:31:00;  101.00;  -50.00;   40.00;    0.46;   0.937;       0;    0.63;  997.57;    0.73
08.02.2024 03:32:00;   95.97;  -50.00;   40.00;    0.47;   0.937;       0;    0.18;  997.57;    0.40
08.02.2024 03:33:00;  101.00;  -50.00;   40.00;    0.47;   0.937;       0;    0.76;  997.56;    1.00
08.02.2024 03:34:00;  101.00;  -50.00;   40.00;    0.48;   0.936;       0;    0.99;  997.55;    1.11
08.02.2024 03:35:00;  101.00;  -50.00;   40.00;    0.50;   0.937;       0;    0.54;  997.55;    0.82
08.02.2024 03:36:00;  101.00;  -50.00;   40.00;    0.51;   0.937;       0;    0.51;  997.53;    0.69
08.02.2024 03:37:00;  101.00;  -50.00;   40.00;    0.51;   0.936;       0;    0.33;  997.50;    0.65
08.02.2024 03:38:00;   95.97;  -50.00;   40.00;    0.51;   0.936;       0;    0.70;  997.49;    0.77
08.02.2024 03:39:00;   95.97;  -50.00;   40.00;    0.52;   0.936;       0;    0.74;  997.49;    0.84
08.02.2024 03:40:00;  101.00;  -50.00;   40.00;    0.53;   0.937;       0;    0.78;  997.50;    0.90
08.02.2024 03:41:00;   95.97;  -50.00;   40.00;    0.54;   0.937;       0;    0.77;  997.50;    0.93
08.02.2024 03:42:00;  101.00;  -50.00;   40.00;    0.54;   0.937;       0;    0.46;  997.50;    0.76
08.02.2024 03:43:00;  101.00;  -50.00;   40.00;    0.54;   0.936;       0;    0.45;  997.52;    0.53
08.02.2024 03:44:00;   90.93;  -50.00;   40.00;    0.54;   0.936;       0;    0.45;  997.52;    0.71
08.02.2024 03:45:00;  101.00;  -50.00;   40.00;    0.54;   0.936;       0;    0.50;  997.54;    0.67
08.02.2024 03:46:00;   95.97;  -50.00;   40.00;    0.54;   0.936;       0;    0.31;  997.52;    0.47
08.02.2024 03:47:00;  101.00;  -50.00;   40.00;    0.55;   0.936;       0;    0.13;  997.53;    0.28
08.02.2024 03:48:00;   95.97;  -50.00;   40.00;    0.56;   0.936;       0;    0.00;  997.54;    0.00
08.02.2024 03:49:00;   90.93;  -50.00;   40.00;    0.56;   0.936;       0;    0.00;  997.55;    0.00
08.02.2024 03:50:00;  101.00;  -50.00;   40.00;    0.57;   0.937;       0;    0.00;  997.54;    0.00
08.02.2024 03:51:00;   95.97;  -50.00;   40.00;    0.57;   0.937;       0;    0.12;  997.50;    0.47
08.02.2024 03:52:00;  101.00;  -50.00;   40.00;    0.57;   0.936;       0;    0.60;  997.47;    0.72
08.02.2024 03:53:00;  101.00;  -50.00;   40.00;    0.56;   0.935;       0;    0.72;  997.47;    0.84
08.02.2024 03:54:00;  101.00;  -50.00;   40.00;    0.55;   0.935;       0;    0.42;  997.46;    0.67
08.02.2024 03:55:00;   95.97;  -50.00;   40.00;    0.56;   0.936;       0;    0.54;  997.45;    0.67
08.02.2024 03:56:00;   95.97;  -50.00;   40.00;    0.56;   0.936;       0;    0.56;  997.42;    0.71
08.02.2024 03:57:00;  101.00;  -50.00;   40.00;    0.57;   0.936;       0;    0.68;  997.40;    0.78
08.02.2024 03:58:00;  101.00;  -50.00;   40.00;    0.58;   0.937;       0;    0.52;  997.38;    0.67
08.02.2024 03:59:00;   95.97;  -50.00;   40.00;    0.60;   0.938;       0;    0.52;  997.36;    0.69
08.02.2024 04:00:00;  101.00;  -50.00;   40.00;    0.62;   0.938;       0;    0.58;  997.33;    0.71
08.02.2024 04:01:00;   95.97;  -50.00;   40.00;    0.62;   0.938;       0;    0.52;  997.30;    0.60
08.02.2024 04:02:00;  101.00;  -50.00;   40.00;    0.63;   0.937;       0;    0.54;  997.27;    0.60
08.02.2024 04:03:00;  101.00;  -50.00;   40.00;    0.62;   0.936;       0;    0.50;  997.26;    0.60
08.02.2024 04:04:00;  101.00;  -50.00;   40.00;    0.62;   0.936;       0;    0.22;  997.27;    0.41
08.02.2024 04:05:00;  101.00;  -50.00;   40.00;    0.61;   0.936;       0;    0.19;  997.26;    0.32
08.02.2024 04:06:00;  101.00;  -50.00;   40.00;    0.61;   0.936;       0;    0.34;  997.26;    0.48
08.02.2024 04:07:00;  101.00;  -50.00;   40.00;    0.61;   0.936;       0;    0.19;  997.25;    0.37
08.02.2024 04:08:00;   90.93;  -50.00;   40.00;    0.63;   0.937;       0;    0.38;  997.23;    0.46
08.02.2024 04:09:00;  101.00;  -50.00;   40.00;    0.64;   0.937;       0;    0.35;  997.22;    0.47
08.02.2024 04:10:00;  101.00;  -50.00;   40.00;    0.65;   0.937;       0;    0.07;  997.22;    0.27
08.02.2024 04:11:00;  101.00;  -50.00;   40.00;    0.65;   0.937;       0;    0.00;  997.23;    0.00
08.02.2024 04:12:00;  101.00;  -50.00;   40.00;    0.65;   0.937;       0;    0.00;  997.24;    0.01
08.02.2024 04:13:00;   95.97;  -50.00;   40.00;    0.67;   0.938;       0;    0.00;  997.25;    0.02
08.02.2024 04:14:00;  101.00;  -50.00;   40.00;    0.70;   0.939;       0;    0.01;  997.26;    0.04
08.02.2024 04:15:00;  101.00;  -50.00;   40.00;    0.73;   0.939;       0;    0.27;  997.27;    0.57
08.02.2024 04:16:00;   95.97;  -50.00;   40.00;    0.74;   0.939;       0;    0.42;  997.28;    0.59
08.02.2024 04:17:00;   85.90;  -50.00;   40.00;    0.75;   0.938;       0;    0.47;  997.29;    0.58
08.02.2024 04:18:00;  101.00;  -50.00;   40.00;    0.77;   0.939;       0;    0.53;  997.30;    0.63
08.02.2024 04:19:00;  101.00;  -50.00;   40.00;    0.79;   0.938;       0;    0.54;  997.31;    0.65
08.02.2024 04:20:00;  101.00;  -50.00;   40.00;    0.79;   0.938;       0;    0.59;  997.32;    0.66
08.02.2024 04:21:00;  101.00;  -50.00;   40.00;    0.80;   0.938;       0;    0.50;  997.32;    0.61
08.02.2024 04:22:00;   95.97;  -50.00;   40.00;    0.80;   0.937;       0;    0.33;  997.33;    0.48
08.02.2024 04:23:00;  101.00;  -50.00;   40.00;    0.79;   0.937;       0;    0.38;  997.35;    0.54
08.02.2024 04:24:00;   85.90;  -50.00;   40.00;    0.79;   0.937;       0;    0.37;  997.37;    0.48
08.02.2024 04:25:00;  101.00;  -50.00;   40.00;    0.80;   0.937;       0;    0.53;  997.38;    0.72
08.02.2024 04:26:00;  101.00;  -50.00;   40.00;    0.82;   0.938;       0;    0.51;  997.39;    0.61
08.02.2024 04:27:00;  101.00;  -50.00;   40.00;    0.83;   0.938;       0;    0.53;  997.38;    0.61
08.02.2024 04:28:00;   95.97;  -50.00;   40.00;    0.84;   0.938;       0;    0.51;  997.37;    0.68
08.02.2024 04:29:00;  101.00;  -50.00;   40.00;    0.84;   0.938;       0;    0.43;  997.37;    0.51
08.02.2024 04:30:00;  101.00;  -50.00;   40.00;    0.85;   0.937;       0;    0.44;  997.39;    0.51
08.02.2024 04:31:00;  101.00;  -50.00;   40.00;    0.85;   0.937;       0;    0.40;  997.41;    0.51
08.02.2024 04:32:00;   95.97;  -50.00;   40.00;    0.85;   0.937;       0;    0.41;  997.42;    0.57
08.02.2024 04:33:00;   90.93;  -50.00;   40.00;    0.85;   0.937;       0;    0.39;  997.42;    0.51
08.02.2024 04:34:00;  101.00;  -50.00;   40.00;    0.86;   0.937;       0;    0.38;  997.40;    0.49
08.02.2024 04:35:00;  101.00;  -50.00;   40.00;    0.86;   0.937;       0;    0.41;  997.38;    0.50
08.02.2024 04:36:00;  101.00;  -50.00;   40.00;    0.88;   0.938;       0;    0.44;  997.36;    0.54
08.02.2024 04:37:00;  101.00;  -50.00;   40.00;    0.89;   0.939;       0;    0.38;  997.38;    0.52
08.02.2024 04:38:00;  101.00;  -50.00;   40.00;    0.90;   0.939;       0;    0.23;  997.40;    0.36
08.02.2024 04:39:00;   95.97;  -50.00;   40.00;    0.91;   0.938;       0;    0.34;  997.43;    0.59
08.02.2024 04:40:00;  101.00;  -50.00;   40.00;    0.92;   0.938;       0;    0.51;  997.45;    0.57
08.02.2024 04:41:00;  101.00;  -50.00;   40.00;    0.92;   0.938;       0;    0.39;  997.46;    0.52
08.02.2024 04:42:00;  101.00;  -50.00;   40.00;    0.93;   0.938;       0;    0.13;  997.46;    0.30
08.02.2024 04:43:00;  101.00;  -50.00;   40.00;    0.93;   0.937;       0;    0.00;  997.45;    0.00
08.02.2024 04:44:00;  101.00;  -50.00;   40.00;    0.92;   0.937;       0;    0.00;  997.44;    0.00
08.02.2024 04:45:00;  101.00;  -50.00;   40.00;    0.92;   0.937;       0;    0.03;  997.42;    0.12
08.02.2024 04:46:00;  101.00;  -50.00;   40.00;    0.92;   0.937;       0;    0.00;  997.39;    0.08
08.02.2024 04:47:00;   90.93;  -50.00;   40.00;    0.91;   0.937;       0;    0.00;  997.34;    0.00
08.02.2024 04:48:00;  101.00;  -50.00;   40.00;    0.91;   0.937;       0;    0.15;  997.29;    0.25
08.02.2024 04:49:00;  101.00;  -50.00;   40.00;    0.90;   0.937;       0;    0.19;  997.26;    0.22
08.02.2024 04:50:00;  101.00;  -50.00;   40.00;    0.89;   0.936;       0;    0.22;  997.25;    0.36
08.02.2024 04:51:00;  101.00;  -50.00;   40.00;    0.89;   0.936;       0;    0.36;  997.24;    0.50
08.02.2024 04:52:00;  101.00;  -50.00;   40.00;    0.88;   0.937;       0;    0.49;  997.26;    0.54
08.02.2024 04:53:00;  101.00;  -50.00;   40.00;    0.89;   0.937;       0;    0.40;  997.28;    0.51
08.02.2024 04:54:00;  101.00;  -50.00;   40.00;    0.90;   0.938;       0;    0.52;  997.30;    0.74
08.02.2024 04:55:00;  101.00;  -50.00;   40.00;    0.90;   0.938;       0;    0.69;  997.32;    0.79
08.02.2024 04:56:00;  101.00;  -50.00;   40.00;    0.92;   0.938;       0;    0.50;  997.33;    0.58
08.02.2024 04:57:00;  101.00;  -50.00;   40.00;    0.92;   0.938;       0;    0.49;  997.33;    0.58
08.02.2024 04:58:00;  101.00;  -50.00;   40.00;    0.93;   0.938;       0;    0.48;  997.33;    0.59
08.02.2024 04:59:00;  101.00;  -50.00;   40.00;    0.93;   0.938;       0;    0.60;  997.33;    0.72
08.02.2024 05:00:00;   95.97;  -50.00;   40.00;    0.94;   0.938;       0;    0.58;  997.32;    0.66
08.02.2024 05:01:00;  101.00;  -50.00;   40.00;    0.94;   0.938;       0;    0.48;  997.31;    0.63
08.02.2024 05:02:00;   95.97;  -50.00;   40.00;    0.95;   0.938;       0;    0.52;  997.31;    0.75
08.02.2024 05:03:00;  101.00;  -50.00;   40.00;    0.95;   0.938;       0;    0.59;  997.30;    0.84
08.02.2024 05:04:00;  101.00;  -50.00;   40.00;    0.95;   0.938;       0;    0.58;  997.27;    0.78
08.02.2024 05:05:00;  101.00;  -50.00;   40.00;    0.94;   0.937;       0;    0.54;  997.24;    0.68
08.02.2024 05:06:00;  101.00;  -50.00;   40.00;    0.95;   0.938;       0;    0.82;  997.24;    0.94
08.02.2024 05:07:00;  101.00;  -50.00;   40.00;    0.95;   0.938;       0;    0.79;  997.23;    1.04
08.02.2024 05:08:00;  101.00;  -50.00;   40.00;    0.96;   0.938;       0;    0.76;  997.22;    0.90
08.02.2024 05:09:00;  101.00;  -50.00;   40.00;    0.96;   0.938;       0;    0.77;  997.22;    0.90
08.02.2024 05:10:00;  101.00;  -50.00;   40.00;    0.96;   0.938;       0;    0.72;  997.22;    0.85
08.02.2024 05:11:00;   95.97;  -50.00;   40.00;    0.96;   0.938;       0;    0.62;  997.24;    0.80
08.02.2024 05:12:00;  101.00;  -50.00;   40.00;    0.96;   0.938;       0;    0.84;  997.27;    1.01
08.02.2024 05:13:00;  101.00;  -50.00;   40.00;    0.97;   0.937;       0;    0.86;  997.28;    0.96
08.02.2024 05:14:00;   95.97;  -50.00;   40.00;    0.97;   0.938;       0;    0.86;  997.26;    1.10
08.02.2024 05:15:00;  101.00;  -50.00;   40.00;    0.98;   0.938;       0;    0.89;  997.23;    1.04
08.02.2024 05:16:00;  101.00;  -50.00;   40.00;    0.98;   0.938;       0;    0.74;  997.21;    0.87
08.02.2024 05:17:00;  101.00;  -50.00;   40.00;    0.98;   0.938;       0;    0.69;  997.20;    1.02
08.02.2024 05:18:00;   95.97;  -50.00;   40.00;    0.98;   0.938;       0;    0.95;  997.19;    1.11
08.02.2024 05:19:00;  101.00;  -50.00;   40.00;    0.99;   0.938;       0;    0.92;  997.20;    1.04
08.02.2024 05:20:00;  101.00;  -50.00;   40.00;    0.99;   0.937;       0;    0.77;  997.22;    0.99
08.02.2024 05:21:00;   95.97;  -50.00;   40.00;    0.99;   0.938;       0;    0.64;  997.24;    0.78
08.02.2024 05:22:00;   95.97;  -50.00;   40.00;    1.00;   0.937;       0;    0.89;  997.27;    1.00
08.02.2024 05:23:00;  101.00;  -50.00;   40.00;    1.00;   0.938;       0;    0.86;  997.28;    0.95
08.02.2024 05:24:00;   95.97;  -50.00;   40.00;    1.01;   0.938;       0;    0.73;  997.28;    0.89
08.02.2024 05:25:00;  101.00;  -50.00;   40.00;    1.01;   0.938;       0;    0.59;  997.27;    0.68
08.02.2024 05:26:00;  101.00;  -50.00;   40.00;    1.01;   0.937;       0;    0.38;  997.26;    0.52
08.02.2024 05:27:00;   90.93;  -50.00;   40.00;    1.02;   0.938;       0;    0.51;  997.24;    0.69
08.02.2024 05:28:00;  101.00;  -50.00;   40.00;    1.02;   0.938;       0;    0.82;  997.23;    1.04
08.02.2024 05:29:00;  101.00;  -50.00;   40.00;    1.03;   0.938;       0;    0.86;  997.21;    1.04
08.02.2024 05:30:00;  101.00;  -50.00;   40.00;    1.03;   0.938;       0;    0.70;  997.21;    0.87
08.02.2024 05:31:00;  101.00;  -50.00;   40.00;    1.03;   0.938;       0;    0.60;  997.21;    0.74
08.02.2024 05:32:00;  101.00;  -50.00;   40.00;    1.04;   0.938;       0;    0.63;  997.21;    0.77
08.02.2024 05:33:00;  101.00;  -50.00;   40.00;    1.04;   0.938;       0;    0.68;  997.22;    0.76
08.02.2024 05:34:00;  101.00;  -50.00;   40.00;    1.04;   0.937;       0;    0.63;  997.22;    0.74
08.02.2024 05:35:00;  101.00;  -50.00;   40.00;    1.05;   0.938;       0;    0.56;  997.20;    0.66
08.02.2024 05:36:00;  101.00;  -50.00;   40.00;    1.06;   0.938;       0;    0.61;  997.19;    0.75
08.02.2024 05:37:00;   95.97;  -50.00;   40.00;    1.06;   0.938;       0;    0.43;  997.19;    0.57
08.02.2024 05:38:00;  101.00;  -50.00;   40.00;    1.06;   0.938;       0;    0.54;  997.17;    0.59
08.02.2024 05:39:00;  101.00;  -50.00;   40.00;    1.06;   0.938;       0;    0.42;  997.16;    0.57
08.02.2024 05:40:00;  101.00;  -50.00;   40.00;    1.07;   0.938;       0;    0.48;  997.14;    0.56
08.02.2024 05:41:00;  101.00;  -50.00;   40.00;    1.07;   0.937;       0;    0.41;  997.12;    0.50
08.02.2024 05:42:00;   95.97;  -50.00;   40.00;    1.07;   0.937;       0;    0.14;  997.12;    0.30
08.02.2024 05:43:00;  101.00;  -50.00;   40.00;    1.07;   0.937;       0;    0.02;  997.11;    0.08
08.02.2024 05:44:00;  101.00;  -50.00;   40.00;    1.07;   0.937;       0;    0.05;  997.11;    0.15
08.02.2024 05:45:00;  101.00;  -50.00;   40.00;    1.06;   0.937;       0;    0.04;  997.12;    0.16
08.02.2024 05:46:00;   95.97;  -50.00;   40.00;    1.06;   0.937;       0;    0.00;  997.14;    0.01
08.02.2024 05:47:00;   80.87;  -50.00;   40.00;    1.06;   0.937;       0;    0.00;  997.14;    0.00
08.02.2024 05:48:00;   95.97;  -50.00;   40.00;    1.05;   0.937;       0;    0.00;  997.13;    0.00
08.02.2024 05:49:00;   95.97;  -50.00;   40.00;    1.04;   0.936;       0;    0.01;  997.11;    0.05
08.02.2024 05:50:00;  101.00;  -50.00;   40.00;    1.03;   0.936;       0;    0.49;  997.10;    0.66
08.02.2024 05:51:00;  101.00;  -50.00;   40.00;    1.03;   0.937;       0;    0.57;  997.10;    0.64
08.02.2024 05:52:00;   90.93;  -50.00;   40.00;    1.04;   0.937;       0;    0.68;  997.10;    0.80
08.02.2024 05:53:00;  101.00;  -50.00;   40.00;    1.05;   0.938;       0;    0.78;  997.09;    0.83
08.02.2024 05:54:00;   95.97;  -50.00;   40.00;    1.07;   0.939;       0;    0.76;  997.10;    0.87
08.02.2024 05:55:00;   90.93;  -50.00;   40.00;    1.09;   0.939;       0;    0.69;  997.11;    0.78
08.02.2024 05:56:00;  101.00;  -50.00;   40.00;    1.11;   0.939;       0;    0.70;  997.12;    0.78
08.02.2024 05:57:00;  101.00;  -50.00;   40.00;    1.12;   0.939;       0;    0.63;  997.12;    0.88
08.02.2024 05:58:00;  101.00;  -50.00;   40.00;    1.13;   0.939;       0;    0.51;  997.11;    0.78
08.02.2024 05:59:00;  101.00;  -50.00;   40.00;    1.14;   0.939;       0;    0.56;  997.11;    0.68
08.02.2024 06:00:00;  101.00;  -50.00;   40.00;    1.14;   0.938;       0;    0.55;  997.13;    0.67
08.02.2024 06:01:00;  101.00;  -50.00;   40.00;    1.14;   0.938;       0;    0.51;  997.15;    0.77
08.02.2024 06:02:00;  101.00;  -50.00;   40.00;    1.15;   0.938;       0;    0.55;  997.18;    0.68
08.02.2024 06:03:00;  101.00;  -50.00;   40.00;    1.15;   0.938;       0;    0.51;  997.20;    0.59
08.02.2024 06:04:00;  101.00;  -50.00;   40.00;    1.16;   0.937;       0;    0.45;  997.21;    0.58
08.02.2024 06:05:00;   95.97;  -50.00;   40.00;    1.17;   0.938;       0;    0.41;  997.19;    0.49
08.02.2024 06:06:00;  101.00;  -50.00;   40.00;    1.17;   0.938;       0;    0.53;  997.15;    0.67
08.02.2024 06:07:00;  101.00;  -50.00;   40.00;    1.18;   0.937;       0;    0.79;  997.10;    0.96
08.02.2024 06:08:00;  101.00;  -50.00;   40.00;    1.18;   0.937;       0;    0.81;  997.09;    0.92
08.02.2024 06:09:00;   95.97;  -50.00;   40.00;    1.19;   0.937;       0;    0.72;  997.07;    0.93
08.02.2024 06:10:00;  101.00;  -50.00;   40.00;    1.20;   0.937;       0;    0.66;  997.08;    0.93
08.02.2024 06:11:00;  101.00;  -50.00;   40.00;    1.20;   0.937;       0;    0.49;  997.09;    0.66
08.02.2024 06:12:00;  101.00;  -50.00;   40.00;    1.20;   0.937;       0;    0.38;  997.07;    0.54
08.02.2024 06:13:00;   75.83;  -50.00;   40.00;    1.20;   0.937;       0;    0.27;  997.05;    0.48
08.02.2024 06:14:00;  101.00;  -50.00;   40.00;    1.20;   0.937;       0;    0.00;  997.02;    0.00
08.02.2024 06:15:00;  101.00;  -50.00;   40.00;    1.21;   0.937;       0;    0.00;  996.99;    0.00
08.02.2024 06:16:00;  101.00;  -50.00;   40.00;    1.21;   0.937;       0;    0.00;  996.96;    0.00
08.02.2024 06:17:00;  101.00;  -50.00;   40.00;    1.20;   0.937;       0;    0.00;  996.94;    0.00
08.02.2024 06:18:00;  101.00;  -50.00;   40.00;    1.20;   0.937;       0;    0.00;  996.91;    0.00
08.02.2024 06:19:00;  101.00;  -50.00;   40.00;    1.20;   0.937;       0;    0.00;  996.90;    0.00
08.02.2024 06:20:00;   90.93;  -50.00;   40.00;    1.18;   0.937;       0;    0.00;  996.91;    0.00
08.02.2024 06:21:00;  101.00;  -50.00;   40.00;    1.18;   0.937;       0;    0.02;  996.93;    0.29
08.02.2024 06:22:00;  101.00;  -50.00;   40.00;    1.18;   0.936;       0;    0.22;  996.95;    0.43
08.02.2024 06:23:00;  101.00;  -50.00;   40.00;    1.18;   0.937;       0;    0.00;  996.96;    0.01
08.02.2024 06:24:00;  101.00;  -50.00;   40.00;    1.17;   0.937;       0;    0.00;  996.96;    0.00
08.02.2024 06:25:00;   95.97;  -50.00;   40.00;    1.17;   0.937;       0;    0.00;  996.97;    0.00
08.02.2024 06:26:00;   95.97;  -50.00;   40.00;    1.18;   0.937;       0;    0.00;  996.98;    0.00
08.02.2024 06:27:00;   95.97;  -50.00;   40.00;    1.18;   0.937;       0;    0.00;  996.99;    0.00
08.02.2024 06:28:00;   85.90;  -50.00;   40.00;    1.18;   0.937;       0;    0.00;  996.98;    0.00
08.02.2024 06:29:00;  101.00;  -50.00;   40.00;    1.19;   0.937;       0;    0.00;  996.98;    0.00
08.02.2024 06:30:00;  101.00;  -50.00;   40.00;    1.19;   0.937;       0;    0.05;  996.98;    0.14
08.02.2024 06:31:00;  101.00;  -50.00;   40.00;    1.19;   0.937;       0;    0.16;  996.98;    0.57
08.02.2024 06:32:00;  101.00;  -50.00;   40.00;    1.19;   0.937;       0;    0.41;  997.00;    0.52
08.02.2024 06:33:00;   95.97;  -50.00;   40.00;    1.20;   0.938;       0;    0.51;  996.99;    0.66
08.02.2024 06:34:00;  101.00;  -50.00;   40.00;    1.21;   0.938;       0;    0.67;  996.98;    0.80
08.02.2024 06:35:00;  101.00;  -50.00;   40.00;    1.24;   0.939;       0;    0.72;  996.96;    0.82
08.02.2024 06:36:00;  101.00;  -50.00;   40.00;    1.27;   0.940;       0;    0.70;  996.93;    0.84
08.02.2024 06:37:00;  101.00;  -50.00;   40.00;    1.28;   0.939;       0;    0.58;  996.94;    0.80
08.02.2024 06:38:00;  101.00;  -50.00;   40.00;    1.30;   0.939;       0;    0.73;  996.94;    0.93
08.02.2024 06:39:00;   95.97;  -50.00;   40.00;    1.31;   0.939;       0;    0.83;  996.95;    1.03
08.02.2024 06:40:00;  101.00;  -50.00;   40.00;    1.32;   0.939;       0;    0.68;  996.96;    0.95
08.02.2024 06:41:00;   95.97;  -50.00;   40.00;    1.34;   0.939;       0;    0.62;  996.97;    0.91
08.02.2024 06:42:00;  101.00;  -50.00;   40.00;    1.35;   0.938;       0;    0.59;  996.99;    0.64
08.02.2024 06:43:00;  101.00;  -50.00;   40.00;    1.36;   0.938;       0;    0.62;  997.02;    0.82
08.02.2024 06:44:00;  101.00;  -50.00;   40.00;    1.38;   0.938;       0;    0.47;  997.06;    0.58
08.02.2024 06:45:00;   90.93;  -50.00;   40.00;    1.39;   0.938;       0;    0.42;  997.10;    0.64
08.02.2024 06:46:00;  101.00;  -50.00;   40.00;    1.40;   0.938;       0;    0.31;  997.11;    0.45
08.02.2024 06:47:00;  101.00;  -50.00;   40.00;    1.41;   0.937;       0;    0.11;  997.12;    0.38
08.02.2024 06:48:00;   90.93;  -50.00;   40.00;    1.41;   0.937;       0;    0.58;  997.11;    0.74
08.02.2024 06:49:00;  101.00;  -50.00;   40.00;    1.41;   0.937;       0;    0.62;  997.11;    0.81
08.02.2024 06:50:00;  101.00;  -50.00;   40.00;    1.42;   0.937;       0;    0.50;  997.10;    0.62
08.02.2024 06:51:00;  101.00;  -50.00;   40.00;    1.42;   0.937;       0;    0.66;  997.08;    0.75
08.02.2024 06:52:00;  101.00;  -50.00;   40.00;    1.43;   0.937;       0;    0.74;  997.08;    0.82
08.02.2024 06:53:00;  101.00;  -50.00;   40.00;    1.44;   0.937;       0;    0.84;  997.08;    0.98
08.02.2024 06:54:00;  101.00;  -50.00;   40.00;    1.45;   0.938;       0;    0.84;  997.09;    0.93
08.02.2024 06:55:00;  101.00;  -50.00;   40.00;    1.46;   0.938;       0;    0.73;  997.09;    0.92
08.02.2024 06:56:00;   95.97;  -50.00;   40.00;    1.47;   0.937;       0;    0.68;  997.09;    0.98
08.02.2024 06:57:00;  101.00;  -50.00;   40.00;    1.47;   0.937;       0;    0.83;  997.10;    1.09
08.02.2024 06:58:00;  101.00;  -50.00;   40.00;    1.47;   0.936;       0;    0.73;  997.10;    0.84
08.02.2024 06:59:00;  101.00;  -50.00;   40.00;    1.47;   0.936;       0;    0.67;  997.08;    0.88
08.02.2024 07:00:00;  101.00;  -50.00;   40.00;    1.47;   0.936;       0;    0.71;  997.06;    0.91
08.02.2024 07:01:00;  101.00;  -50.00;   40.00;    1.47;   0.935;       0;    0.81;  997.04;    0.88
08.02.2024 07:02:00;  101.00;  -50.00;   40.00;    1.46;   0.935;       0;    0.75;  997.02;    0.84
08.02.2024 07:03:00;   95.97;  -50.00;   40.00;    1.46;   0.935;       0;    0.56;  997.01;    0.70
08.02.2024 07:04:00;  101.00;  -50.00;   40.00;    1.45;   0.935;       0;    0.07;  997.01;    0.28
08.02.2024 07:05:00;  101.00;  -50.00;   40.00;    1.45;   0.935;       0;    0.22;  997.02;    0.36
08.02.2024 07:06:00;  101.00;  -50.00;   40.00;    1.45;   0.935;       0;    0.05;  997.02;    0.22
08.02.2024 07:07:00;  101.00;  -50.00;   40.00;    1.45;   0.935;       0;    0.13;  997.02;    0.28
08.02.2024 07:08:00;   95.97;  -50.00;   40.00;    1.46;   0.936;       0;    0.20;  997.01;    0.28
08.02.2024 07:09:00;  101.00;  -50.00;   40.00;    1.46;   0.936;       0;    0.22;  996.97;    0.28
08.02.2024 07:10:00;  101.00;  -50.00;   40.00;    1.47;   0.936;       0;    0.17;  996.95;    0.30
08.02.2024 07:11:00;   95.97;  -50.00;   40.00;    1.48;   0.936;       0;    0.30;  996.93;    0.38
08.02.2024 07:12:00;   80.87;  -50.00;   40.00;    1.48;   0.936;       0;    0.09;  996.93;    0.26
08.02.2024 07:13:00;   95.97;  -50.00;   40.00;    1.48;   0.935;       0;    0.11;  996.93;    0.28
08.02.2024 07:14:00;  101.00;  -50.00;   40.00;    1.48;   0.935;       0;    0.37;  996.94;    0.42
08.02.2024 07:15:00;   95.97;  -50.00;   40.00;    1.48;   0.936;       0;    0.52;  996.96;    0.63
08.02.2024 07:16:00;   90.93;  -50.00;   40.00;    1.50;   0.936;       0;    0.50;  996.97;    0.63
08.02.2024 07:17:00;  101.00;  -50.00;   40.00;    1.52;   0.937;       0;    0.58;  996.99;    0.65
08.02.2024 07:18:00;  101.00;  -50.00;   40.00;    1.55;   0.937;       0;    0.59;  997.00;    0.65
08.02.2024 07:19:00;  101.00;  -50.00;   40.00;    1.57;   0.937;       0;    0.52;  997.02;    0.63
08.02.2024 07:20:00;   95.97;  -50.00;   40.00;    1.60;   0.938;       0;    0.65;  997.03;    0.77
08.02.2024 07:21:00;  101.00;  -50.00;   40.00;    1.63;   0.938;       0;    0.77;  997.03;    0.89
08.02.2024 07:22:00;  101.00;  -50.00;   40.00;    1.65;   0.938;       0;    0.83;  997.03;    1.00
08.02.2024 07:23:00;  101.00;  -50.00;   40.00;    1.68;   0.938;       0;    0.63;  997.04;    0.82
08.02.2024 07:24:00;   80.87;  -50.00;   40.00;    1.70;   0.938;       0;    0.77;  997.03;    0.90
08.02.2024 07:25:00;  101.00;  -50.00;   40.00;    1.71;   0.937;       0;    0.73;  997.05;    0.85
08.02.2024 07:26:00;  101.00;  -50.00;   40.00;    1.72;   0.936;       0;    0.71;  997.06;    0.92
08.02.2024 07:27:00;   95.97;  -50.00;   40.00;    1.73;   0.936;       0;    0.59;  997.06;    0.75
08.02.2024 07:28:00;  101.00;  -50.00;   40.00;    1.73;   0.935;       0;    0.72;  997.05;    0.81
08.02.2024 07:29:00;  101.00;  -50.00;   40.00;    1.73;   0.935;       0;    0.45;  997.03;    0.60
08.02.2024 07:30:00;  101.00;  -50.00;   40.00;    1.73;   0.934;       0;    0.68;  997.01;    0.94
08.02.2024 07:31:00;  101.00;  -50.00;   40.00;    1.73;   0.934;       0;    0.68;  996.98;    0.80
08.02.2024 07:32:00;  101.00;  -50.00;   40.00;    1.73;   0.934;       0;    0.62;  996.96;    0.79
08.02.2024 07:33:00;  101.00;  -50.00;   40.00;    1.72;   0.933;       0;    0.80;  996.94;    1.02
08.02.2024 07:34:00;  101.00;  -50.00;   40.00;    1.72;   0.933;       0;    0.87;  996.94;    1.02
08.02.2024 07:35:00;  101.00;  -50.00;   40.00;    1.73;   0.933;       0;    0.88;  996.93;    1.05
08.02.2024 07:36:00;  101.00;  -50.00;   40.00;    1.74;   0.934;       0;    0.92;  996.94;    1.06
08.02.2024 07:37:00;  101.00;  -50.00;   40.00;    1.75;   0.935;       0;    1.04;  996.94;    1.37
08.02.2024 07:38:00;   95.97;  -50.00;   40.00;    1.76;   0.934;       0;    0.79;  996.93;    0.96
08.02.2024 07:39:00;  101.00;  -50.00;   40.00;    1.78;   0.934;       0;    0.85;  996.91;    1.13
08.02.2024 07:40:00;  101.00;  -50.00;   40.00;    1.79;   0.934;       0;    0.94;  996.87;    1.15
08.02.2024 07:41:00;  101.00;  -50.00;   40.00;    1.80;   0.934;       0;    0.86;  996.84;    1.15
08.02.2024 07:42:00;  101.00;  -50.00;   40.00;    1.81;   0.934;       0;    0.96;  996.82;    1.13
08.02.2024 07:43:00;  101.00;  -50.00;   40.00;    1.83;   0.934;       0;    0.69;  996.82;    0.92
08.02.2024 07:44:00;  101.00;  -50.00;   40.00;    1.84;   0.934;       0;    0.91;  996.85;    1.36
08.02.2024 07:45:00;  101.00;  -50.00;   40.00;    1.86;   0.934;       0;    0.55;  996.86;    0.85
08.02.2024 07:46:00;  101.00;  -50.00;   40.00;    1.87;   0.934;       0;    0.74;  996.87;    1.09
08.02.2024 07:47:00;  101.00;  -50.00;   40.00;    1.89;   0.934;       0;    0.60;  996.87;    0.77
08.02.2024 07:48:00;  101.00;  -50.00;   40.00;    1.90;   0.934;       0;    0.38;  996.85;    0.58
08.02.2024 07:49:00;  101.00;  -50.00;   40.00;    1.91;   0.934;       0;    0.49;  996.82;    0.58
08.02.2024 07:50:00;  101.00;  -50.00;   40.00;    1.92;   0.933;       0;    0.21;  996.79;    0.41
08.02.2024 07:51:00;  101.00;  -50.00;   40.00;    1.94;   0.933;       0;    0.14;  996.78;    0.29
08.02.2024 07:52:00;   95.97;  -50.00;   40.00;    1.95;   0.933;       0;    0.09;  996.77;    0.18
08.02.2024 07:53:00;   95.97;  -50.00;   40.00;    1.96;   0.933;       0;    0.00;  996.75;    0.04
08.02.2024 07:54:00;  101.00;  -50.00;   40.00;    1.97;   0.933;       0;    0.04;  996.74;    0.65
08.02.2024 07:55:00;  101.00;  -50.00;   40.00;    1.98;   0.933;       0;    0.54;  996.75;    0.65
08.02.2024 07:56:00;  101.00;  -50.00;   40.00;    1.99;   0.932;       0;    0.33;  996.75;    0.52
08.02.2024 07:57:00;   95.97;  -50.00;   40.00;    2.00;   0.932;       0;    0.27;  996.73;    0.47
08.02.2024 07:58:00;  101.00;  -50.00;   40.00;    2.01;   0.933;       0;    0.37;  996.73;    0.50
08.02.2024 07:59:00;   95.97;  -50.00;   40.00;    2.03;   0.932;       0;    0.18;  996.73;    0.50
08.02.2024 08:00:00;  101.00;  -50.00;   40.00;    2.04;   0.932;       0;    0.00;  996.75;    0.00
08.02.2024 08:01:00;   95.97;  -50.00;   40.00;    2.06;   0.932;       0;    0.00;  996.79;    0.02
08.02.2024 08:02:00;   90.93;  -50.00;   40.00;    2.08;   0.933;       0;    0.31;  996.82;    0.48
08.02.2024 08:03:00;   95.97;  -50.00;   40.00;    2.11;   0.933;       0;    0.16;  996.84;    0.25
08.02.2024 08:04:00;  101.00;  -50.00;   40.00;    2.13;   0.933;       0;    0.20;  996.84;    0.52
08.02.2024 08:05:00;  101.00;  -50.00;   40.00;    2.15;   0.933;       0;    0.52;  996.85;    0.73
08.02.2024 08:06:00;  101.00;  -50.00;   40.00;    2.18;   0.933;       0;    0.47;  996.87;    0.63
08.02.2024 08:07:00;  101.00;  -50.00;   40.00;    2.20;   0.932;       0;    0.47;  996.88;    0.62
08.02.2024 08:08:00;   95.97;  -50.00;   40.00;    2.22;   0.932;       0;    0.63;  996.89;    0.83
08.02.2024 08:09:00;   95.97;  -50.00;   40.00;    2.24;   0.932;       0;    0.77;  996.89;    0.97
08.02.2024 08:10:00;  101.00;  -50.00;   40.00;    2.26;   0.931;       0;    0.76;  996.88;    1.01
08.02.2024 08:11:00;   95.97;  -50.00;   40.00;    2.28;   0.931;       0;    0.82;  996.88;    0.97
08.02.2024 08:12:00;  101.00;  -50.00;   40.00;    2.30;   0.930;       0;    0.68;  996.86;    0.82
08.02.2024 08:13:00;   85.90;  -50.00;   40.00;    2.31;   0.930;       0;    0.73;  996.84;    0.84
08.02.2024 08:14:00;   95.97;  -50.00;   40.00;    2.31;   0.929;       0;    0.61;  996.83;    0.77
08.02.2024 08:15:00;   65.77;  -50.00;   40.00;    2.31;   0.928;       0;    0.43;  996.80;    0.56
08.02.2024 08:16:00;   95.97;  -50.00;   40.00;    2.31;   0.928;       0;    0.35;  996.79;    0.51
08.02.2024 08:17:00;   85.90;  -50.00;   40.00;    2.32;   0.928;       0;    0.43;  996.78;    0.68
08.02.2024 08:18:00;  101.00;  -50.00;   40.00;    2.32;   0.927;       0;    0.44;  996.78;    0.65
08.02.2024 08:19:00;  101.00;  -50.00;   40.00;    2.33;   0.927;       0;    0.52;  996.80;    0.70
08.02.2024 08:20:00;  101.00;  -50.00;   40.00;    2.33;   0.927;       0;    0.68;  996.80;    0.86
08.02.2024 08:21:00;  101.00;  -50.00;   40.00;    2.32;   0.925;       0;    0.95;  996.81;    1.21
08.02.2024 08:22:00;  101.00;  -50.00;   40.00;    2.31;   0.925;       0;    0.88;  996.82;    1.21
08.02.2024 08:23:00;  101.00;  -50.00;   40.00;    2.32;   0.925;       0;    0.62;  996.84;    0.94
08.02.2024 08:24:00;   95.97;  -50.00;   40.00;    2.34;   0.926;       0;    0.60;  996.86;    0.76
08.02.2024 08:25:00;   75.83;  -50.00;   40.00;    2.36;   0.926;       0;    0.33;  996.87;    0.67
08.02.2024 08:26:00;   95.97;  -50.00;   40.00;    2.39;   0.927;       0;    0.32;  996.88;    0.43
08.02.2024 08:27:00;  101.00;  -50.00;   40.00;    2.41;   0.927;       0;    0.04;  996.89;    0.39
08.02.2024 08:28:00;  101.00;  -50.00;   40.00;    2.43;   0.926;       0;    0.65;  996.88;    0.83
08.02.2024 08:29:00;   95.97;  -50.00;   40.00;    2.44;   0.925;       0;    0.79;  996.88;    1.06
08.02.2024 08:30:00;   85.90;  -50.00;   40.00;    2.45;   0.925;       0;    1.07;  996.88;    1.15
08.02.2024 08:31:00;  101.00;  -50.00;   40.00;    2.48;   0.925;       0;    0.93;  996.86;    1.17
08.02.2024 08:32:00;  101.00;  -50.00;   40.00;    2.50;   0.925;       0;    1.01;  996.84;    1.14
08.02.2024 08:33:00;  101.00;  -50.00;   40.00;    2.50;   0.923;       0;    0.65;  996.84;    0.79
08.02.2024 08:34:00;   90.93;  -50.00;   40.00;    2.50;   0.923;       0;    0.71;  996.84;    0.92
08.02.2024 08:35:00;  101.00;  -50.00;   40.00;    2.52;   0.923;       0;    0.83;  996.86;    0.96
08.02.2024 08:36:00;  101.00;  -50.00;   40.00;    2.54;   0.923;       0;    0.87;  996.86;    1.02
08.02.2024 08:37:00;  101.00;  -50.00;   40.00;    2.57;   0.923;       0;    0.87;  996.87;    1.15
08.02.2024 08:38:00;  101.00;  -50.00;   40.00;    2.59;   0.923;       0;    0.73;  996.85;    0.97
08.02.2024 08:39:00;   90.93;  -50.00;   40.00;    2.61;   0.923;       0;    0.75;  996.84;    0.96
08.02.2024 08:40:00;  101.00;  -50.00;   40.00;    2.63;   0.922;       0;    0.83;  996.86;    0.97
08.02.2024 08:41:00;   95.97;  -50.00;   40.00;    2.64;   0.921;       0;    0.69;  996.86;    0.87
08.02.2024 08:42:00;   95.97;  -50.00;   40.00;    2.64;   0.920;       0;    0.87;  996.86;    1.15
08.02.2024 08:43:00;  101.00;  -50.00;   40.00;    2.66;   0.920;       0;    0.94;  996.85;    1.03
08.02.2024 08:44:00;  101.00;  -50.00;   40.00;    2.68;   0.920;       0;    0.74;  996.84;    0.97
08.02.2024 08:45:00;   95.97;  -50.00;   40.00;    2.68;   0.919;       0;    0.99;  996.82;    1.27
08.02.2024 08:46:00;  101.00;  -50.00;   40.00;    2.69;   0.918;       0;    0.96;  996.78;    1.12
08.02.2024 08:47:00;   95.97;  -50.00;   40.00;    2.70;   0.917;       0;    1.03;  996.75;    1.35
08.02.2024 08:48:00;  101.00;  -50.00;   40.00;    2.71;   0.917;       0;    1.19;  996.72;    1.63
08.02.2024 08:49:00;  101.00;  -50.00;   40.00;    2.74;   0.918;       0;    1.00;  996.71;    1.22
08.02.2024 08:50:00;   85.90;  -50.00;   40.00;    2.76;   0.917;       0;    0.63;  996.67;    0.85
08.02.2024 08:51:00;  101.00;  -50.00;   40.00;    2.78;   0.917;       0;    0.77;  996.64;    1.32
08.02.2024 08:52:00;  101.00;  -50.00;   40.00;    2.79;   0.916;       0;    0.85;  996.62;    1.10
08.02.2024 08:53:00;  101.00;  -50.00;   40.00;    2.78;   0.914;       0;    0.89;  996.59;    1.04
08.02.2024 08:54:00;   95.97;  -50.00;   40.00;    2.78;   0.913;       0;    0.63;  996.56;    0.77
08.02.2024 08:55:00;  101.00;  -50.00;   40.00;    2.79;   0.913;       0;    1.10;  996.52;    1.48
08.02.2024 08:56:00;  101.00;  -50.00;   40.00;    2.80;   0.913;       0;    1.03;  996.49;    1.27
08.02.2024 08:57:00;  101.00;  -50.00;   40.00;    2.83;   0.914;       0;    0.82;  996.46;    1.06
08.02.2024 08:58:00;   95.97;  -50.00;   40.00;    2.86;   0.914;       0;    0.87;  996.44;    1.15
08.02.2024 08:59:00;  101.00;  -50.00;   40.00;    2.89;   0.914;       0;    0.98;  996.42;    1.22
08.02.2024 09:00:00;  101.00;  -50.00;   40.00;    2.93;   0.914;       0;    1.31;  996.43;    1.72
08.02.2024 09:01:00;  101.00;  -50.00;   40.00;    2.94;   0.913;       0;    1.22;  996.44;    1.51
08.02.2024 09:02:00;   95.97;  -50.00;   40.00;    2.92;   0.908;       0;    1.16;  996.44;    1.44
08.02.2024 09:03:00;  101.00;  -50.00;   40.00;    2.91;   0.908;       0;    1.22;  996.43;    1.55
08.02.2024 09:04:00;  101.00;  -50.00;   40.00;    2.95;   0.910;       0;    1.28;  996.41;    1.53
08.02.2024 09:05:00;   90.93;  -50.00;   40.00;    2.97;   0.909;       0;    1.04;  996.41;    1.24
08.02.2024 09:06:00;  101.00;  -50.00;   40.00;    3.00;   0.909;       0;    1.24;  996.40;    1.99
08.02.2024 09:07:00;   85.90;  -50.00;   40.00;    2.99;   0.906;       0;    1.35;  996.39;    1.63
08.02.2024 09:08:00;  101.00;  -50.00;   40.00;    2.97;   0.904;       0;    1.14;  996.37;    1.44
08.02.2024 09:09:00;  101.00;  -50.00;   40.00;    2.99;   0.905;       0;    1.19;  996.36;    1.56
08.02.2024 09:10:00;  101.00;  -50.00;   40.00;    3.03;   0.906;       0;    1.21;  996.38;    1.37
08.02.2024 09:11:00;  101.00;  -50.00;   40.00;    3.07;   0.906;       0;    1.10;  996.42;    1.36
08.02.2024 09:12:00;  101.00;  -50.00;   40.00;    3.12;   0.907;       0;    1.67;  996.47;    2.12
08.02.2024 09:13:00;  101.00;  -50.00;   40.00;    3.14;   0.905;       0;    0.86;  996.49;    1.26
08.02.2024 09:14:00;  101.00;  -50.00;   40.00;    3.16;   0.904;       0;    1.20;  996.46;    1.47
08.02.2024 09:15:00;  101.00;  -50.00;   40.00;    3.16;   0.901;       0;    1.23;  996.41;    1.44
08.02.2024 09:16:00;  101.00;  -50.00;   40.00;    3.14;   0.898;       0;    1.30;  996.39;    1.88
08.02.2024 09:17:00;  101.00;  -50.00;   40.00;    3.15;   0.899;       0;    0.55;  996.41;    1.11
08.02.2024 09:18:00;  101.00;  -50.00;   40.00;    3.17;   0.898;       0;    0.91;  996.46;    1.37
08.02.2024 09:19:00;  101.00;  -50.00;   40.00;    3.17;   0.897;       0;    0.93;  996.48;    1.30
08.02.2024 09:20:00;  101.00;  -50.00;   40.00;    3.20;   0.898;       0;    0.89;  996.48;    1.44
08.02.2024 09:21:00;  101.00;  -50.00;   40.00;    3.22;   0.897;       0;    0.93;  996.46;    1.22
08.02.2024 09:22:00;  101.00;  -50.00;   40.00;    3.20;   0.894;       0;    1.24;  996.45;    1.48
08.02.2024 09:23:00;   95.97;  -50.00;   40.00;    3.17;   0.892;       0;    1.40;  996.47;    1.68
08.02.2024 09:24:00;   95.97;  -50.00;   40.00;    3.15;   0.890;       0;    1.27;  996.48;    1.58
08.02.2024 09:25:00;  101.00;  -50.00;   40.00;    3.14;   0.889;       0;    1.22;  996.49;    1.77
08.02.2024 09:26:00;   90.93;  -50.00;   40.00;    3.13;   0.888;       0;    1.43;  996.51;    1.71
08.02.2024 09:27:00;  101.00;  -50.00;   40.00;    3.11;   0.887;       0;    1.49;  996.51;    1.87
08.02.2024 09:28:00;  101.00;  -50.00;   40.00;    3.10;   0.886;       0;    0.89;  996.52;    1.17
08.02.2024 09:29:00;   95.97;  -50.00;   40.00;    3.12;   0.888;       0;    1.02;  996.51;    1.23
08.02.2024 09:30:00;  101.00;  -50.00;   40.00;    3.16;   0.889;       0;    0.57;  996.50;    0.79
08.02.2024 09:31:00;  101.00;  -50.00;   40.00;    3.19;   0.889;       0;    0.89;  996.49;    1.23
08.02.2024 09:32:00;   95.97;  -50.00;   40.00;    3.21;   0.887;       0;    1.00;  996.49;    1.15
08.02.2024 09:33:00;  101.00;  -50.00;   40.00;    3.24;   0.887;       0;    0.96;  996.49;    1.17
08.02.2024 09:34:00;   95.97;  -50.00;   40.00;    3.26;   0.886;       0;    0.94;  996.49;    1.31
08.02.2024 09:35:00;  101.00;  -50.00;   40.00;    3.25;   0.882;       0;    0.99;  996.47;    1.31
08.02.2024 09:36:00;  101.00;  -50.00;   40.00;    3.29;   0.883;       0;    0.50;  996.46;    0.82
08.02.2024 09:37:00;  101.00;  -50.00;   40.00;    3.34;   0.884;       0;    0.33;  996.47;    0.58
08.02.2024 09:38:00;  101.00;  -50.00;   40.00;    3.38;   0.883;       0;    0.56;  996.48;    0.71
08.02.2024 09:39:00;   95.97;  -50.00;   40.00;    3.42;   0.882;       0;    0.74;  996.47;    1.10
08.02.2024 09:40:00;   95.97;  -50.00;   40.00;    3.44;   0.879;       0;    0.62;  996.45;    0.93
08.02.2024 09:41:00;  101.00;  -50.00;   40.00;    3.45;   0.877;       0;    1.08;  996.42;    1.41
08.02.2024 09:42:00;   95.97;  -50.00;   40.00;    3.44;   0.874;       0;    1.00;  996.40;    1.30
08.02.2024 09:43:00;   95.97;  -50.00;   40.00;    3.45;   0.873;       0;    0.75;  996.39;    0.91
08.02.2024 09:44:00;  101.00;  -50.00;   40.00;    3.49;   0.874;       0;    0.72;  996.41;    0.88
08.02.2024 09:45:00;   90.93;  -50.00;   40.00;    3.55;   0.874;       0;    1.00;  996.42;    1.28
08.02.2024 09:46:00;   90.93;  -50.00;   40.00;    3.59;   0.873;       0;    1.01;  996.45;    1.35
08.02.2024 09:47:00;   95.97;  -50.00;   40.00;    3.61;   0.870;       0;    1.05;  996.45;    1.47
08.02.2024 09:48:00;  101.00;  -50.00;   40.00;    3.62;   0.868;       0;    1.22;  996.45;    1.79
08.02.2024 09:49:00;  101.00;  -50.00;   40.00;    3.65;   0.866;       0;    1.55;  996.43;    1.79
08.02.2024 09:50:00;  101.00;  -50.00;   40.00;    3.66;   0.864;       0;    1.32;  996.41;    1.50
08.02.2024 09:51:00;  101.00;  -50.00;   40.00;    3.67;   0.863;       0;    1.40;  996.38;    1.56
08.02.2024 09:52:00;  101.00;  -50.00;   40.00;    3.68;   0.862;       0;    1.15;  996.36;    1.54
08.02.2024 09:53:00;  101.00;  -50.00;   40.00;    3.68;   0.859;       0;    0.62;  996.32;    0.79
08.02.2024 09:54:00;  101.00;  -50.00;   40.00;    3.66;   0.856;       0;    0.96;  996.29;    1.30
08.02.2024 09:55:00;  101.00;  -50.00;   40.00;    3.64;   0.854;       0;    0.96;  996.24;    1.55
08.02.2024 09:56:00;  101.00;  -50.00;   40.00;    3.64;   0.854;       0;    0.76;  996.18;    1.36
08.02.2024 09:57:00;  101.00;  -50.00;   40.00;    3.64;   0.854;       0;    1.20;  996.14;    1.56
08.02.2024 09:58:00;  101.00;  -50.00;   40.00;    3.65;   0.853;       0;    1.17;  996.10;    1.55
08.02.2024 09:59:00;  101.00;  -50.00;   40.00;    3.63;   0.851;       0;    1.59;  996.09;    1.97
08.02.2024 10:00:00;  101.00;  -50.00;   40.00;    3.62;   0.850;       0;    1.82;  996.10;    2.39
08.02.2024 10:01:00;  101.00;  -50.00;   40.00;    3.61;   0.849;       0;    1.67;  996.10;    2.29
08.02.2024 10:02:00;   95.97;  -50.00;   40.00;    3.61;   0.850;       0;    1.79;  996.10;    2.28
08.02.2024 10:03:00;   85.90;  -50.00;   40.00;    3.65;   0.851;       0;    2.01;  996.10;    2.50
08.02.2024 10:04:00;  101.00;  -50.00;   40.00;    3.68;   0.850;       0;    1.77;  996.08;    2.50
08.02.2024 10:05:00;   90.93;  -50.00;   40.00;    3.70;   0.849;       0;    1.83;  996.07;    2.22
08.02.2024 10:06:00;  101.00;  -50.00;   40.00;    3.73;   0.849;       0;    1.66;  996.07;    2.01
08.02.2024 10:07:00;  101.00;  -50.00;   40.00;    3.76;   0.848;       0;    1.42;  996.06;    1.89
08.02.2024 10:08:00;   95.97;  -50.00;   40.00;    3.78;   0.847;       0;    1.57;  996.06;    1.88
08.02.2024 10:09:00;  101.00;  -50.00;   40.00;    3.81;   0.846;       0;    1.17;  996.07;    1.59
08.02.2024 10:10:00;  101.00;  -50.00;   40.00;    3.81;   0.844;       0;    0.99;  996.08;    1.24
08.02.2024 10:11:00;   95.97;  -50.00;   40.00;    3.83;   0.843;       0;    1.03;  996.09;    1.53
08.02.2024 10:12:00;  101.00;  -50.00;   40.00;    3.86;   0.843;       0;    1.10;  996.07;    1.59
08.02.2024 10:13:00;  101.00;  -50.00;   40.00;    3.85;   0.840;       0;    1.13;  996.05;    1.40
08.02.2024 10:14:00;  101.00;  -50.00;   40.00;    3.84;   0.839;       0;    1.32;  996.04;    1.62
08.02.2024 10:15:00;   95.97;  -50.00;   40.00;    3.86;   0.838;       0;    1.21;  996.03;    1.42
08.02.2024 10:16:00;  101.00;  -50.00;   40.00;    3.89;   0.838;       0;    0.79;  996.01;    1.19
08.02.2024 10:17:00;   85.90;  -50.00;   40.00;    3.92;   0.839;       0;    1.03;  995.99;    1.34
08.02.2024 10:18:00;  101.00;  -50.00;   40.00;    3.95;   0.839;       0;    1.35;  995.96;    1.79
08.02.2024 10:19:00;   90.93;  -50.00;   40.00;    3.95;   0.836;       0;    1.38;  995.96;    1.71
08.02.2024 10:20:00;   95.97;  -50.00;   40.00;    3.97;   0.836;       0;    1.51;  995.96;    1.77
08.02.2024 10:21:00;   90.93;  -50.00;   40.00;    4.00;   0.836;       0;    1.10;  995.96;    1.50
08.02.2024 10:22:00;   95.97;  -50.00;   40.00;    4.03;   0.835;       0;    1.11;  995.97;    1.53
08.02.2024 10:23:00;  101.00;  -50.00;   40.00;    4.02;   0.832;       0;    1.36;  995.97;    1.66
08.02.2024 10:24:00;  101.00;  -50.00;   40.00;    4.01;   0.830;       0;    1.13;  995.97;    1.49
08.02.2024 10:25:00;  101.00;  -50.00;   40.00;    4.02;   0.829;       0;    0.88;  995.99;    1.19
08.02.2024 10:26:00;  101.00;  -50.00;   40.00;    4.05;   0.830;       0;    1.38;  996.00;    1.66
08.02.2024 10:27:00;  101.00;  -50.00;   40.00;    4.12;   0.831;       0;    1.26;  996.00;    1.72
08.02.2024 10:28:00;  101.00;  -50.00;   40.00;    4.19;   0.833;       0;    1.58;  995.99;    1.72
08.02.2024 10:29:00;   95.97;  -50.00;   40.00;    4.29;   0.834;       0;    1.63;  995.98;    2.08
08.02.2024 10:30:00;  101.00;  -50.00;   40.00;    4.40;   0.835;       0;    1.57;  995.96;    1.90
08.02.2024 10:31:00;  101.00;  -50.00;   40.00;    4.51;   0.833;       0;    1.42;  995.95;    1.65
08.02.2024 10:32:00;  101.00;  -50.00;   40.00;    4.58;   0.829;       0;    1.07;  995.94;    1.53
08.02.2024 10:33:00;  101.00;  -50.00;   40.00;    4.64;   0.827;       0;    1.55;  995.94;    1.94
08.02.2024 10:34:00;  101.00;  -50.00;   40.00;    4.72;   0.824;       0;    1.14;  995.92;    1.39
08.02.2024 10:35:00;  101.00;  -50.00;   40.00;    4.76;   0.820;       0;    1.19;  995.90;    1.41
08.02.2024 10:36:00;  101.00;  -50.00;   40.00;    4.78;   0.815;       0;    0.91;  995.90;    1.35
08.02.2024 10:37:00;  101.00;  -50.00;   40.00;    4.79;   0.811;       0;    0.59;  995.87;    1.38
08.02.2024 10:38:00;  101.00;  -50.00;   40.00;    4.84;   0.811;       0;    1.22;  995.85;    1.61
08.02.2024 10:39:00;  101.00;  -50.00;   40.00;    4.89;   0.809;       0;    0.71;  995.82;    1.06
08.02.2024 10:40:00;  101.00;  -50.00;   40.00;    4.94;   0.808;       0;    1.32;  995.82;    1.75
08.02.2024 10:41:00;   90.93;  -50.00;   40.00;    5.02;   0.808;       0;    1.07;  995.81;    1.32
08.02.2024 10:42:00;   95.97;  -50.00;   40.00;    5.10;   0.807;       0;    1.64;  995.77;    2.42
08.02.2024 10:43:00;  101.00;  -50.00;   40.00;    5.14;   0.802;       0;    1.94;  995.74;    2.42
08.02.2024 10:44:00;  101.00;  -50.00;   40.00;    5.20;   0.800;       0;    1.39;  995.69;    1.81
08.02.2024 10:45:00;  101.00;  -50.00;   40.00;    5.21;   0.795;       0;    1.34;  995.64;    2.23
08.02.2024 10:46:00;   95.97;  -50.00;   40.00;    5.17;   0.789;       0;    1.61;  995.60;    2.23
08.02.2024 10:47:00;  101.00;  -50.00;   40.00;    5.17;   0.787;       0;    1.52;  995.55;    1.98
08.02.2024 10:48:00;   85.90;  -50.00;   40.00;    5.16;   0.785;       0;    1.24;  995.52;    1.85
08.02.2024 10:49:00;   95.97;  -50.00;   40.00;    5.16;   0.784;       0;    1.20;  995.48;    1.60
08.02.2024 10:50:00;  101.00;  -50.00;   40.00;    5.13;   0.780;       0;    1.30;  995.46;    2.02
08.02.2024 10:51:00;   95.97;  -50.00;   40.00;    5.06;   0.776;       0;    1.43;  995.45;    2.02
08.02.2024 10:52:00;  101.00;  -50.00;   40.00;    5.00;   0.775;       0;    1.21;  995.45;    1.41
08.02.2024 10:53:00;  101.00;  -50.00;   40.00;    5.00;   0.778;       0;    0.96;  995.46;    1.34
08.02.2024 10:54:00;  101.00;  -50.00;   40.00;    5.01;   0.780;       0;    0.82;  995.45;    1.24
08.02.2024 10:55:00;  101.00;  -50.00;   40.00;    5.02;   0.779;       0;    1.89;  995.44;    2.70
08.02.2024 10:56:00;   95.97;  -50.00;   40.00;    4.96;   0.774;       0;    1.71;  995.42;    2.44
08.02.2024 10:57:00;  101.00;  -50.00;   40.00;    4.93;   0.774;       0;    1.96;  995.38;    2.89
08.02.2024 10:58:00;  101.00;  -50.00;   40.00;    4.89;   0.772;       0;    2.26;  995.35;    2.76
08.02.2024 10:59:00;   90.93;  -50.00;   40.00;    4.86;   0.772;       0;    2.03;  995.33;    2.41
08.02.2024 11:00:00;  101.00;  -50.00;   40.00;    4.81;   0.770;       0;    2.27;  995.30;    2.58
08.02.2024 11:01:00;  101.00;  -50.00;   40.00;    4.75;   0.769;       0;    2.61;  995.28;    3.00
08.02.2024 11:02:00;  101.00;  -50.00;   40.00;    4.71;   0.769;       0;    2.60;  995.26;    3.60
08.02.2024 11:03:00;   95.97;  -50.00;   40.00;    4.67;   0.769;       0;    2.34;  995.24;    2.71
08.02.2024 11:04:00;  101.00;  -50.00;   40.00;    4.66;   0.770;       0;    1.61;  995.24;    2.34
08.02.2024 11:05:00;  101.00;  -50.00;   40.00;    4.68;   0.772;       0;    1.57;  995.24;    2.32
08.02.2024 11:06:00;  101.00;  -50.00;   40.00;    4.71;   0.774;       0;    1.40;  995.22;    1.80
08.02.2024 11:07:00;   95.97;  -50.00;   40.00;    4.76;   0.776;       0;    0.98;  995.19;    1.55
08.02.2024 11:08:00;   82.40;  -50.00;   40.00;    4.79;   0.775;       0;    2.35;  995.17;    2.94
08.02.2024 11:09:00;   95.97;  -50.00;   40.00;    4.78;   0.773;       0;    2.33;  995.15;    2.94
08.02.2024 11:10:00;  101.00;  -50.00;   40.00;    4.79;   0.772;       0;    1.97;  995.15;    2.37
08.02.2024 11:11:00;  101.00;  -50.00;   40.00;    4.78;   0.770;       0;    1.54;  995.14;    2.04
08.02.2024 11:12:00;  101.00;  -50.00;   40.00;    4.79;   0.769;       0;    1.91;  995.14;    2.80
08.02.2024 11:13:00;  101.00;  -50.00;   40.00;    4.83;   0.771;       0;    1.19;  995.13;    1.63
08.02.2024 11:14:00;  101.00;  -50.00;   40.00;    4.84;   0.769;       0;    1.25;  995.12;    1.55
08.02.2024 11:15:00;  101.00;  -50.00;   40.00;    4.87;   0.770;       0;    0.94;  995.13;    1.42
08.02.2024 11:16:00;   95.97;  -50.00;   40.00;    4.91;   0.770;       0;    1.61;  995.13;    1.90
08.02.2024 11:17:00;   95.97;  -50.00;   40.00;    4.90;   0.767;       0;    1.86;  995.12;    2.63
08.02.2024 11:18:00;   95.97;  -50.00;   40.00;    4.87;   0.764;       0;    1.71;  995.11;    2.44
08.02.2024 11:19:00;  101.00;  -50.00;   40.00;    4.89;   0.766;       0;    1.51;  995.10;    1.98
08.02.2024 11:20:00;  101.00;  -50.00;   40.00;    4.91;   0.767;       0;    1.83;  995.09;    2.46
08.02.2024 11:21:00;  101.00;  -50.00;   40.00;    4.92;   0.766;       0;    1.56;  995.09;    2.07
08.02.2024 11:22:00;  101.00;  -50.00;   40.00;    4.91;   0.764;       0;    1.37;  995.08;    1.64
08.02.2024 11:23:00;  101.00;  -50.00;   40.00;    4.92;   0.765;       0;    1.26;  995.07;    2.01
08.02.2024 11:24:00;  101.00;  -50.00;   40.00;    4.92;   0.764;       0;    0.91;  995.06;    1.45
08.02.2024 11:25:00;  101.00;  -50.00;   40.00;    4.92;   0.765;       0;    1.32;  995.04;    1.78
08.02.2024 11:26:00;  101.00;  -50.00;   40.00;    4.95;   0.767;       0;    2.41;  995.03;    3.59
08.02.2024 11:27:00;  101.00;  -50.00;   40.00;    4.91;   0.763;       0;    1.45;  995.00;    2.05
08.02.2024 11:28:00;   80.87;  -50.00;   40.00;    4.86;   0.759;       0;    1.15;  995.00;    1.53
08.02.2024 11:29:00;   95.97;  -50.00;   40.00;    4.85;   0.759;       0;    1.18;  995.00;    1.50
08.02.2024 11:30:00;   85.90;  -50.00;   40.00;    4.91;   0.763;       0;    1.43;  994.99;    1.94
08.02.2024 11:31:00;   85.90;  -50.00;   40.00;    4.94;   0.764;       0;    1.85;  994.98;    2.24
08.02.2024 11:32:00;  101.00;  -50.00;   40.00;    4.94;   0.761;       0;    1.30;  994.94;    2.22
08.02.2024 11:33:00;  101.00;  -50.00;   40.00;    4.94;   0.761;       0;    0.86;  994.91;    1.03
08.02.2024 11:34:00;  101.00;  -50.00;   40.00;    4.98;   0.763;       0;    1.43;  994.87;    2.19
08.02.2024 11:35:00;  101.00;  -50.00;   40.00;    5.00;   0.762;       0;    1.65;  994.84;    1.88
08.02.2024 11:36:00;  101.00;  -50.00;   40.00;    5.00;   0.761;       0;    1.56;  994.82;    2.13
08.02.2024 11:37:00;  101.00;  -50.00;   40.00;    5.01;   0.761;       0;    0.63;  994.79;    1.08
08.02.2024 11:38:00;  101.00;  -50.00;   40.00;    5.02;   0.761;       0;    0.72;  994.78;    1.48
08.02.2024 11:39:00;  101.00;  -50.00;   40.00;    5.04;   0.761;       0;    2.09;  994.77;    2.70
08.02.2024 11:40:00;  101.00;  -50.00;   40.00;    5.04;   0.760;       0;    2.24;  994.76;    2.54
08.02.2024 11:41:00;  101.00;  -50.00;   40.00;    5.05;   0.759;       0;    2.05;  994.73;    2.44
08.02.2024 11:42:00;  101.00;  -50.00;   40.00;    5.04;   0.758;       0;    1.69;  994.73;    2.18
08.02.2024 11:43:00;  101.00;  -50.00;   40.00;    5.04;   0.758;       0;    1.65;  994.72;    1.87
08.02.2024 11:44:00;  101.00;  -50.00;   40.00;    4.98;   0.754;       0;    1.07;  994.71;    1.86
08.02.2024 11:45:00;   95.97;  -50.00;   40.00;    4.93;   0.754;       0;    0.70;  994.69;    0.95
08.02.2024 11:46:00;  101.00;  -50.00;   40.00;    4.92;   0.756;       0;    1.31;  994.67;    1.63
08.02.2024 11:47:00;  101.00;  -50.00;   40.00;    4.92;   0.757;       0;    1.26;  994.66;    1.55
08.02.2024 11:48:00;  101.00;  -50.00;   40.00;    4.92;   0.757;       0;    0.94;  994.64;    1.50
08.02.2024 11:49:00;  101.00;  -50.00;   40.00;    4.93;   0.757;       0;    0.96;  994.63;    1.22
08.02.2024 11:50:00;  101.00;  -50.00;   40.00;    4.93;   0.755;       0;    0.91;  994.63;    1.14
08.02.2024 11:51:00;   95.97;  -50.00;   40.00;    4.95;   0.756;       0;    0.35;  994.62;    0.43
08.02.2024 11:52:00;   85.90;  -50.00;   40.00;    4.96;   0.756;       0;    0.97;  994.63;    1.65
08.02.2024 11:53:00;  101.00;  -50.00;   40.00;    4.98;   0.756;       0;    1.13;  994.61;    2.08
08.02.2024 11:54:00;  101.00;  -50.00;   40.00;    5.00;   0.756;       0;    1.90;  994.61;    2.25
08.02.2024 11:55:00;  101.00;  -50.00;   40.00;    5.01;   0.756;       0;    1.14;  994.60;    1.75
08.02.2024 11:56:00;  101.00;  -50.00;   40.00;    5.00;   0.754;       0;    0.55;  994.59;    1.18
08.02.2024 11:57:00;  101.00;  -50.00;   40.00;    5.01;   0.754;       0;    0.92;  994.56;    1.36
08.02.2024 11:58:00;  101.00;  -50.00;   40.00;    5.01;   0.753;       0;    0.49;  994.55;    0.90
08.02.2024 11:59:00;  101.00;  -50.00;   40.00;    5.02;   0.754;       0;    1.14;  994.53;    1.41
08.02.2024 12:00:00;  101.00;  -50.00;   40.00;    5.01;   0.753;       0;    1.42;  994.51;    2.15
08.02.2024 12:01:00;  101.00;  -50.00;   40.00;    4.98;   0.750;       0;    2.55;  994.51;    3.65
08.02.2024 12:02:00;  101.00;  -50.00;   40.00;    4.93;   0.746;       0;    2.97;  994.49;    3.68
08.02.2024 12:03:00;  101.00;  -50.00;   40.00;    4.88;   0.741;       0;    2.54;  994.49;    3.09
08.02.2024 12:04:00;  101.00;  -50.00;   40.00;    4.83;   0.738;       0;    2.25;  994.47;    2.97
08.02.2024 12:05:00;  101.00;  -50.00;   40.00;    4.82;   0.738;       0;    1.17;  994.47;    2.00
08.02.2024 12:06:00;  101.00;  -50.00;   40.00;    4.81;   0.738;       0;    2.12;  994.46;    3.76
08.02.2024 12:07:00;  101.00;  -50.00;   40.00;    4.81;   0.738;       0;    1.52;  994.44;    2.15
08.02.2024 12:08:00;  101.00;  -50.00;   40.00;    4.82;   0.739;       0;    0.58;  994.43;    1.08
08.02.2024 12:09:00;  101.00;  -50.00;   40.00;    4.85;   0.740;       0;    1.57;  994.43;    2.55
08.02.2024 12:10:00;  101.00;  -50.00;   40.00;    4.87;   0.739;       0;    2.22;  994.41;    3.26
08.02.2024 12:11:00;  101.00;  -50.00;   40.00;    4.86;   0.738;       0;    1.83;  994.40;    2.51
08.02.2024 12:12:00;  101.00;  -50.00;   40.00;    4.85;   0.737;       0;    2.27;  994.37;    2.92
08.02.2024 12:13:00;   90.93;  -50.00;   40.00;    4.83;   0.737;       0;    1.50;  994.35;    2.17
08.02.2024 12:14:00;  101.00;  -50.00;   40.00;    4.83;   0.738;       0;    1.53;  994.33;    2.17
08.02.2024 12:15:00;  101.00;  -50.00;   40.00;    4.84;   0.740;       0;    1.71;  994.33;    2.07
08.02.2024 12:16:00;  101.00;  -50.00;   40.00;    4.84;   0.741;       0;    0.98;  994.33;    1.56
08.02.2024 12:17:00;   85.90;  -50.00;   40.00;    4.85;   0.742;       0;    0.74;  994.32;    1.26
08.02.2024 12:18:00;  101.00;  -50.00;   40.00;    4.86;   0.743;       0;    2.14;  994.32;    3.19
08.02.2024 12:19:00;  101.00;  -50.00;   40.00;    4.84;   0.741;       0;    1.91;  994.31;    2.53
08.02.2024 12:20:00;  101.00;  -50.00;   40.00;    4.81;   0.741;       0;    1.98;  994.30;    3.14
08.02.2024 12:21:00;   85.90;  -50.00;   40.00;    4.80;   0.742;       0;    1.50;  994.29;    1.89
08.02.2024 12:22:00;  101.00;  -50.00;   40.00;    4.81;   0.743;       0;    1.63;  994.29;    2.41
08.02.2024 12:23:00;  101.00;  -50.00;   40.00;    4.81;   0.744;       0;    1.78;  994.28;    2.36
08.02.2024 12:24:00;  101.00;  -50.00;   40.00;    4.81;   0.745;       0;    1.40;  994.27;    1.86
08.02.2024 12:25:00;  101.00;  -50.00;   40.00;    4.83;   0.746;       0;    1.42;  994.24;    2.06
08.02.2024 12:26:00;  101.00;  -50.00;   40.00;    4.84;   0.746;       0;    1.23;  994.24;    2.31
08.02.2024 12:27:00;  101.00;  -50.00;   40.00;    4.86;   0.747;       0;    1.42;  994.25;    1.81
08.02.2024 12:28:00;  101.00;  -50.00;   40.00;    4.88;   0.749;       0;    1.39;  994.24;    1.72
08.02.2024 12:29:00;  101.00;  -50.00;   40.00;    4.89;   0.750;       0;    1.42;  994.22;    2.23
08.02.2024 12:30:00;  101.00;  -50.00;   40.00;    4.92;   0.752;       0;    1.49;  994.22;    1.90
08.02.2024 12:31:00;  101.00;  -50.00;   40.00;    4.92;   0.752;       0;    1.80;  994.21;    2.44
08.02.2024 12:32:00;  101.00;  -50.00;   40.00;    4.91;   0.751;       0;    1.77;  994.21;    2.62
08.02.2024 12:33:00;  101.00;  -50.00;   40.00;    4.89;   0.749;       0;    1.99;  994.19;    3.02
08.02.2024 12:34:00;  101.00;  -50.00;   40.00;    4.88;   0.747;       0;    1.31;  994.18;    1.91
08.02.2024 12:35:00;  101.00;  -50.00;   40.00;    4.89;   0.747;       0;    1.33;  994.17;    2.35
08.02.2024 12:36:00;  101.00;  -50.00;   40.00;    4.90;   0.746;       0;    1.40;  994.17;    2.91
08.02.2024 12:37:00;  101.00;  -50.00;   40.00;    4.90;   0.744;       0;    2.93;  994.15;    3.98
08.02.2024 12:38:00;  101.00;  -50.00;   40.00;    4.87;   0.741;       0;    1.91;  994.14;    3.65
08.02.2024 12:39:00;  101.00;  -50.00;   40.00;    4.88;   0.741;       0;    1.73;  994.15;    2.44
08.02.2024 12:40:00;  101.00;  -50.00;   40.00;    4.90;   0.742;       0;    1.55;  994.14;    2.44
08.02.2024 12:41:00;  101.00;  -50.00;   40.00;    4.88;   0.741;       0;    1.61;  994.13;    2.87
08.02.2024 12:42:00;  101.00;  -50.00;   40.00;    4.87;   0.741;       0;    1.96;  994.12;    2.96
08.02.2024 12:43:00;   95.97;  -50.00;   40.00;    4.86;   0.741;       0;    2.83;  994.13;    3.52
08.02.2024 12:44:00;   95.97;  -50.00;   40.00;    4.82;   0.740;       0;    2.14;  994.12;    2.52
08.02.2024 12:45:00;  101.00;  -50.00;   40.00;    4.80;   0.740;       0;    2.07;  994.12;    2.69
08.02.2024 12:46:00;   95.97;  -50.00;   40.00;    4.79;   0.740;       0;    1.58;  994.13;    1.92
08.02.2024 12:47:00;  101.00;  -50.00;   40.00;    4.80;   0.741;       0;    1.85;  994.13;    2.17
08.02.2024 12:48:00;   95.97;  -50.00;   40.00;    4.80;   0.742;       0;    1.06;  994.13;    1.93
08.02.2024 12:49:00;   90.93;  -50.00;   40.00;    4.82;   0.744;       0;    1.10;  994.14;    1.93
08.02.2024 12:50:00;   95.97;  -50.00;   40.00;    4.84;   0.744;       0;    0.87;  994.14;    1.10
08.02.2024 12:51:00;  101.00;  -50.00;   40.00;    4.86;   0.745;       0;    1.21;  994.12;    1.58
08.02.2024 12:52:00;  101.00;  -50.00;   40.00;    4.88;   0.746;       0;    0.97;  994.13;    1.33
08.02.2024 12:53:00;  101.00;  -50.00;   40.00;    4.89;   0.746;       0;    1.23;  994.12;    1.99
08.02.2024 12:54:00;  101.00;  -50.00;   40.00;    4.88;   0.744;       0;    1.29;  994.11;    2.01
08.02.2024 12:55:00;   95.97;  -50.00;   40.00;    4.86;   0.743;       0;    0.63;  994.09;    0.89
08.02.2024 12:56:00;  101.00;  -50.00;   40.00;    4.87;   0.744;       0;    1.35;  994.07;    1.93
08.02.2024 12:57:00;  101.00;  -50.00;   40.00;    4.89;   0.745;       0;    1.78;  994.03;    2.61
08.02.2024 12:58:00;  101.00;  -50.00;   40.00;    4.88;   0.744;       0;    1.39;  994.01;    1.95
08.02.2024 12:59:00;  101.00;  -50.00;   40.00;    4.89;   0.745;       0;    0.88;  994.00;    1.63
08.02.2024 13:00:00;   95.97;  -50.00;   40.00;    4.90;   0.746;       0;    1.49;  993.98;    1.91
08.02.2024 13:01:00;  101.00;  -50.00;   40.00;    4.89;   0.746;       0;    1.33;  993.96;    1.65
08.02.2024 13:02:00;  101.00;  -50.00;   40.00;    4.89;   0.746;       0;    2.40;  993.94;    2.89
08.02.2024 13:03:00;  101.00;  -50.00;   40.00;    4.88;   0.745;       0;    1.68;  993.94;    2.23
08.02.2024 13:04:00;  101.00;  -50.00;   40.00;    4.86;   0.744;       0;    2.00;  993.91;    2.60
08.02.2024 13:05:00;  101.00;  -50.00;   40.00;    4.85;   0.743;       0;    2.00;  993.90;    2.44
08.02.2024 13:06:00;  101.00;  -50.00;   40.00;    4.81;   0.741;       0;    2.05;  993.89;    2.82
08.02.2024 13:07:00;  101.00;  -50.00;   40.00;    4.77;   0.738;       0;    1.75;  993.88;    2.17
08.02.2024 13:08:00;  101.00;  -50.00;   40.00;    4.76;   0.737;       0;    1.70;  993.86;    2.25
08.02.2024 13:09:00;  101.00;  -50.00;   40.00;    4.78;   0.738;       0;    1.29;  993.83;    1.86
08.02.2024 13:10:00;  101.00;  -50.00;   40.00;    4.79;   0.738;       0;    1.00;  993.82;    1.49
08.02.2024 13:11:00;   95.97;  -50.00;   40.00;    4.78;   0.737;       0;    2.41;  993.81;    3.52
08.02.2024 13:12:00;  101.00;  -50.00;   40.00;    4.78;   0.736;       0;    2.24;  993.80;    2.83
08.02.2024 13:13:00;  101.00;  -50.00;   40.00;    4.78;   0.736;       0;    1.70;  993.79;    3.12
08.02.2024 13:14:00;  101.00;  -50.00;   40.00;    4.78;   0.737;       0;    3.44;  993.78;    4.35
08.02.2024 13:15:00;  101.00;  -50.00;   40.00;    4.77;   0.736;       0;    2.60;  993.75;    3.87
08.02.2024 13:16:00;  101.00;  -50.00;   40.00;    4.77;   0.736;       0;    2.11;  993.73;    2.60
08.02.2024 13:17:00;  101.00;  -50.00;   40.00;    4.77;   0.737;       0;    1.68;  993.71;    2.08
08.02.2024 13:18:00;  101.00;  -50.00;   40.00;    4.77;   0.738;       0;    1.67;  993.70;    2.84
08.02.2024 13:19:00;  101.00;  -50.00;   40.00;    4.76;   0.737;       0;    2.43;  993.68;    3.48
08.02.2024 13:20:00;  101.00;  -50.00;   40.00;    4.74;   0.736;       0;    2.23;  993.69;    3.16
08.02.2024 13:21:00;  101.00;  -50.00;   40.00;    4.75;   0.736;       0;    1.10;  993.69;    2.01
08.02.2024 13:22:00;   90.93;  -50.00;   40.00;    4.76;   0.737;       0;    0.87;  993.68;    1.07
08.02.2024 13:23:00;  101.00;  -50.00;   40.00;    4.77;   0.738;       0;    1.67;  993.67;    2.54
08.02.2024 13:24:00;  101.00;  -50.00;   40.00;    4.76;   0.737;       0;    1.69;  993.67;    2.54
08.02.2024 13:25:00;  101.00;  -50.00;   40.00;    4.75;   0.737;       0;    1.53;  993.65;    2.08
08.02.2024 13:26:00;   95.97;  -50.00;   40.00;    4.76;   0.737;       0;    0.82;  993.64;    1.56
08.02.2024 13:27:00;   95.97;  -50.00;   40.00;    4.77;   0.737;       0;    1.43;  993.65;    2.22
08.02.2024 13:28:00;  101.00;  -50.00;   40.00;    4.76;   0.737;       0;    2.03;  993.66;    2.85
08.02.2024 13:29:00;  101.00;  -50.00;   40.00;    4.74;   0.737;       0;    2.07;  993.66;    2.70
08.02.2024 13:30:00;  101.00;  -50.00;   40.00;    4.72;   0.737;       0;    1.95;  993.64;    2.20
08.02.2024 13:31:00;  101.00;  -50.00;   40.00;    4.70;   0.738;       0;    2.20;  993.62;    2.62
08.02.2024 13:32:00;  101.00;  -50.00;   40.00;    4.69;   0.739;       0;    2.32;  993.59;    2.89
08.02.2024 13:33:00;  101.00;  -50.00;   40.00;    4.69;   0.741;       0;    1.93;  993.55;    2.65
08.02.2024 13:34:00;  101.00;  -50.00;   40.00;    4.68;   0.743;       0;    2.50;  993.51;    3.29
08.02.2024 13:35:00;  101.00;  -50.00;   40.00;    4.67;   0.744;       0;    2.73;  993.48;    3.32
08.02.2024 13:36:00;   90.93;  -50.00;   40.00;    4.66;   0.745;       0;    2.63;  993.46;    3.43
08.02.2024 13:37:00;  101.00;  -50.00;   40.00;    4.66;   0.746;       0;    2.03;  993.46;    2.64
08.02.2024 13:38:00;   95.97;  -50.00;   40.00;    4.66;   0.747;       0;    1.91;  993.45;    2.43
08.02.2024 13:39:00;  101.00;  -50.00;   40.00;    4.64;   0.747;       0;    2.64;  993.42;    3.88
08.02.2024 13:40:00;   95.97;  -50.00;   40.00;    4.64;   0.748;       0;    3.00;  993.42;    4.24
08.02.2024 13:41:00;  101.00;  -50.00;   40.00;    4.64;   0.749;       0;    1.65;  993.40;    2.27
08.02.2024 13:42:00;  101.00;  -50.00;   40.00;    4.65;   0.750;       0;    1.27;  993.40;    1.99
08.02.2024 13:43:00;   90.93;  -50.00;   40.00;    4.66;   0.752;       0;    1.14;  993.39;    1.57
08.02.2024 13:44:00;   95.97;  -50.00;   40.00;    4.67;   0.753;       0;    0.98;  993.39;    1.51
08.02.2024 13:45:00;  101.00;  -50.00;   40.00;    4.68;   0.753;       0;    1.05;  993.38;    1.40
08.02.2024 13:46:00;  101.00;  -50.00;   40.00;    4.68;   0.753;       0;    1.49;  993.36;    2.13
08.02.2024 13:47:00;  101.00;  -50.00;   40.00;    4.69;   0.753;       0;    2.38;  993.35;    4.26
08.02.2024 13:48:00;  101.00;  -50.00;   40.00;    4.68;   0.752;       0;    1.75;  993.32;    2.38
08.02.2024 13:49:00;   95.97;  -50.00;   40.00;    4.67;   0.752;       0;    1.81;  993.31;    2.22
08.02.2024 13:50:00;  101.00;  -50.00;   40.00;    4.65;   0.752;       0;    2.10;  993.30;    2.90
08.02.2024 13:51:00;  101.00;  -50.00;   40.00;    4.64;   0.751;       0;    2.50;  993.28;    3.62
08.02.2024 13:52:00;  101.00;  -50.00;   40.00;    4.63;   0.752;       0;    1.30;  993.25;    1.80
08.02.2024 13:53:00;  101.00;  -50.00;   40.00;    4.62;   0.753;       0;    1.59;  993.23;    2.28
08.02.2024 13:54:00;  101.00;  -50.00;   40.00;    4.62;   0.754;       0;    2.58;  993.24;    3.73
08.02.2024 13:55:00;  101.00;  -50.00;   40.00;    4.61;   0.754;       0;    2.23;  993.23;    3.10
08.02.2024 13:56:00;   90.93;  -50.00;   40.00;    4.60;   0.755;       0;    1.40;  993.23;    2.12
08.02.2024 13:57:00;  101.00;  -50.00;   40.00;    4.60;   0.756;       0;    0.97;  993.22;    1.34
08.02.2024 13:58:00;   70.80;  -50.00;   40.00;    4.60;   0.757;       0;    1.82;  993.21;    2.91
08.02.2024 13:59:00;  101.00;  -50.00;   40.00;    4.60;   0.758;       0;    2.41;  993.21;    2.99
08.02.2024 14:00:00;   95.97;  -50.00;   40.00;    4.59;   0.758;       0;    2.12;  993.20;    3.16
08.02.2024 14:01:00;  101.00;  -50.00;   40.00;    4.58;   0.759;       0;    1.53;  993.19;    2.03
08.02.2024 14:02:00;   95.97;  -50.00;   40.00;    4.58;   0.760;       0;    2.17;  993.18;    2.62
08.02.2024 14:03:00;  101.00;  -50.00;   40.00;    4.57;   0.761;       0;    1.71;  993.17;    3.05
08.02.2024 14:04:00;  101.00;  -50.00;   40.00;    4.56;   0.761;       0;    2.88;  993.16;    3.95
08.02.2024 14:05:00;  101.00;  -50.00;   40.00;    4.55;   0.762;       0;    1.45;  993.15;    2.25
08.02.2024 14:06:00;   95.97;  -50.00;   40.00;    4.55;   0.763;       0;    1.07;  993.15;    1.55
08.02.2024 14:07:00;  101.00;  -50.00;   40.00;    4.55;   0.764;       0;    1.99;  993.13;    2.77
08.02.2024 14:08:00;  101.00;  -50.00;   40.00;    4.55;   0.764;       0;    1.91;  993.12;    2.68
08.02.2024 14:09:00;   95.97;  -50.00;   40.00;    4.54;   0.764;       0;    2.26;  993.11;    3.48
08.02.2024 14:10:00;  101.00;  -50.00;   40.00;    4.53;   0.764;       0;    1.91;  993.10;    3.19
08.02.2024 14:11:00;  101.00;  -50.00;   40.00;    4.53;   0.764;       0;    2.05;  993.07;    2.58
08.02.2024 14:12:00;  101.00;  -50.00;   40.00;    4.54;   0.765;       0;    1.16;  993.06;    1.74
08.02.2024 14:13:00;  101.00;  -50.00;   40.00;    4.55;   0.766;       0;    1.75;  993.06;    2.43
08.02.2024 14:14:00;  101.00;  -50.00;   40.00;    4.55;   0.766;       0;    2.21;  993.05;    3.45
08.02.2024 14:15:00;  101.00;  -50.00;   40.00;    4.53;   0.766;       0;    3.07;  993.04;    4.78
08.02.2024 14:16:00;  101.00;  -50.00;   40.00;    4.49;   0.766;       0;    2.24;  993.00;    2.95
08.02.2024 14:17:00;  101.00;  -50.00;   40.00;    4.46;   0.767;       0;    2.62;  993.00;    3.20
08.02.2024 14:18:00;  101.00;  -50.00;   40.00;    4.44;   0.768;       0;    2.56;  992.99;    3.11
08.02.2024 14:19:00;   90.93;  -50.00;   40.00;    4.42;   0.770;       0;    1.97;  992.96;    2.82
08.02.2024 14:20:00;  101.00;  -50.00;   40.00;    4.39;   0.771;       0;    2.08;  992.94;    3.74
08.02.2024 14:21:00;  101.00;  -50.00;   40.00;    4.38;   0.774;       0;    1.71;  992.96;    2.84
08.02.2024 14:22:00;  101.00;  -50.00;   40.00;    4.36;   0.776;       0;    1.94;  992.95;    2.70
08.02.2024 14:23:00;  101.00;  -50.00;   40.00;    4.35;   0.778;       0;    2.63;  992.94;    3.68
08.02.2024 14:24:00;   95.97;  -50.00;   40.00;    4.31;   0.779;       0;    2.59;  992.93;    3.28
08.02.2024 14:25:00;  101.00;  -50.00;   40.00;    4.29;   0.781;       3;    1.90;  992.94;    3.50
08.02.2024 14:26:00;  101.00;  -50.00;   40.00;    4.27;   0.782;       0;    2.87;  992.91;    4.62
08.02.2024 14:27:00;  101.00;  -50.00;   40.00;    4.23;   0.783;       0;    3.35;  992.91;    4.77
08.02.2024 14:28:00;   85.90;  -50.00;   40.00;    4.17;   0.783;       0;    3.45;  992.89;    4.81
08.02.2024 14:29:00;  101.00;  -50.00;   40.00;    4.12;   0.784;       0;    2.32;  992.90;    3.77
08.02.2024 14:30:00;  101.00;  -50.00;   40.00;    4.09;   0.787;       0;    2.36;  992.87;    3.62
08.02.2024 14:31:00;  101.00;  -50.00;   40.00;    4.06;   0.789;       4;    2.23;  992.86;    2.83
08.02.2024 14:32:00;  101.00;  -50.00;   40.00;    4.02;   0.791;       0;    2.04;  992.86;    3.18
08.02.2024 14:33:00;  101.00;  -50.00;   40.00;    4.00;   0.795;       0;    2.25;  992.84;    2.81
08.02.2024 14:34:00;  101.00;  -50.00;   40.00;    3.97;   0.797;       4;    2.01;  992.84;    2.64
08.02.2024 14:35:00;  101.00;  -50.00;   40.00;    3.93;   0.799;       0;    2.26;  992.84;    2.82
08.02.2024 14:36:00;  101.00;  -50.00;   40.00;    3.89;   0.801;       0;    1.80;  992.82;    2.01
08.02.2024 14:37:00;  101.00;  -50.00;   40.00;    3.84;   0.802;       3;    1.70;  992.81;    2.10
08.02.2024 14:38:00;   95.97;  -50.00;   40.00;    3.80;   0.804;       0;    0.98;  992.80;    1.21
08.02.2024 14:39:00;  101.00;  -50.00;   40.00;    3.79;   0.807;       0;    1.09;  992.78;    1.54
08.02.2024 14:40:00;  101.00;  -50.00;   40.00;    3.78;   0.810;       0;    0.93;  992.77;    1.21
08.02.2024 14:41:00;  101.00;  -50.00;   40.00;    3.77;   0.812;       3;    1.39;  992.77;    1.79
08.02.2024 14:42:00;  101.00;  -50.00;   40.00;    3.76;   0.813;       0;    0.93;  992.76;    1.44
08.02.2024 14:43:00;  101.00;  -50.00;   40.00;    3.74;   0.815;       0;    2.49;  992.75;    4.23
08.02.2024 14:44:00;   95.97;  -50.00;   40.00;    3.68;   0.814;       0;    2.07;  992.73;    3.18
08.02.2024 14:45:00;   95.97;  -50.00;   40.00;    3.62;   0.814;       3;    2.09;  992.72;    2.89
08.02.2024 14:46:00;  101.00;  -50.00;   40.00;    3.58;   0.815;       0;    1.53;  992.72;    2.09
08.02.2024 14:47:00;  101.00;  -50.00;   40.00;    3.55;   0.818;       0;    1.47;  992.72;    2.36
08.02.2024 14:48:00;  101.00;  -50.00;   40.00;    3.52;   0.819;       4;    1.52;  992.72;    1.95
08.02.2024 14:49:00;  101.00;  -50.00;   40.00;    3.48;   0.821;       0;    2.22;  992.72;    3.06
08.02.2024 14:50:00;  101.00;  -50.00;   40.00;    3.44;   0.822;       3;    1.56;  992.74;    1.92
08.02.2024 14:51:00;   95.97;  -50.00;   40.00;    3.40;   0.824;       0;    1.84;  992.72;    2.22
08.02.2024 14:52:00;  101.00;  -50.00;   40.00;    3.37;   0.825;       4;    2.14;  992.72;    2.58
08.02.2024 14:53:00;   95.97;  -50.00;   40.00;    3.30;   0.824;       0;    2.04;  992.71;    2.47
08.02.2024 14:54:00;  101.00;  -50.00;   40.00;    3.24;   0.825;       3;    2.41;  992.73;    3.22
08.02.2024 14:55:00;  101.00;  -50.00;   40.00;    3.19;   0.827;       0;    2.06;  992.72;    2.42
08.02.2024 14:56:00;  101.00;  -50.00;   40.00;    3.17;   0.829;       3;    2.45;  992.73;    3.35
08.02.2024 14:57:00;   95.97;  -50.00;   40.00;    3.11;   0.829;       0;    1.81;  992.72;    2.28
08.02.2024 14:58:00;   95.97;  -50.00;   40.00;    3.06;   0.831;       0;    1.76;  992.73;    2.85
08.02.2024 14:59:00;  101.00;  -50.00;   40.00;    3.01;   0.833;       4;    2.69;  992.72;    3.27
08.02.2024 15:00:00;  101.00;  -50.00;   40.00;    2.95;   0.833;       0;    2.03;  992.73;    2.54
08.02.2024 15:01:00;   90.93;  -50.00;   40.00;    2.89;   0.836;       0;    2.15;  992.72;    2.64
08.02.2024 15:02:00;  101.00;  -50.00;   40.00;    2.83;   0.836;       3;    1.82;  992.70;    2.64
08.02.2024 15:03:00;   95.97;  -50.00;   40.00;    2.78;   0.839;       0;    1.56;  992.68;    1.90
08.02.2024 15:04:00;  101.00;  -50.00;   40.00;    2.74;   0.841;       4;    1.19;  992.66;    1.69
08.02.2024 15:05:00;   90.93;  -50.00;   40.00;    2.68;   0.841;       0;    2.49;  992.63;    2.95
08.02.2024 15:06:00;   95.97;  -50.00;   40.00;    2.60;   0.841;       4;    2.12;  992.59;    2.65
08.02.2024 15:07:00;  101.00;  -50.00;   40.00;    2.54;   0.843;       0;    1.86;  992.58;    2.34
08.02.2024 15:08:00;   90.93;  -50.00;   40.00;    2.51;   0.846;       6;    1.45;  992.56;    1.82
08.02.2024 15:09:00;  101.00;  -50.00;   40.00;    2.46;   0.848;       0;    1.65;  992.57;    2.33
08.02.2024 15:10:00;  101.00;  -50.00;   40.00;    2.42;   0.850;       5;    1.84;  992.57;    2.37
08.02.2024 15:11:00;   85.90;  -50.00;   40.00;    2.37;   0.851;       3;    1.60;  992.57;    2.16
08.02.2024 15:12:00;  101.00;  -50.00;   40.00;    2.33;   0.852;       0;    1.79;  992.57;    2.19
08.02.2024 15:13:00;  101.00;  -50.00;   40.00;    2.29;   0.854;       5;    1.27;  992.57;    1.90
08.02.2024 15:14:00;  101.00;  -50.00;   40.00;    2.26;   0.856;       0;    1.12;  992.57;    1.45
08.02.2024 15:15:00;  101.00;  -50.00;   40.00;    2.22;   0.857;       6;    1.57;  992.58;    2.01
08.02.2024 15:16:00;  101.00;  -50.00;   40.00;    2.17;   0.858;       0;    1.74;  992.58;    2.26
08.02.2024 15:17:00;  101.00;  -50.00;   40.00;    2.10;   0.857;       5;    2.05;  992.59;    2.44
08.02.2024 15:18:00;  101.00;  -50.00;   40.00;    2.04;   0.858;       0;    2.23;  992.61;    2.56
08.02.2024 15:19:00;  101.00;  -50.00;   40.00;    1.98;   0.860;       5;    2.26;  992.60;    3.01
08.02.2024 15:20:00;  101.00;  -50.00;   40.00;    1.94;   0.862;       4;    1.60;  992.61;    1.90
08.02.2024 15:21:00;  101.00;  -50.00;   40.00;    1.90;   0.864;       5;    2.18;  992.62;    3.09
08.02.2024 15:22:00;  101.00;  -50.00;   40.00;    1.86;   0.865;       5;    2.23;  992.63;    3.00
08.02.2024 15:23:00;  101.00;  -50.00;   40.00;    1.83;   0.866;       4;    1.56;  992.67;    2.24
08.02.2024 15:24:00;  101.00;  -50.00;   40.00;    1.79;   0.868;       4;    2.02;  992.67;    2.64
08.02.2024 15:25:00;  101.00;  -50.00;   40.00;    1.75;   0.868;       4;    1.88;  992.68;    2.54
08.02.2024 15:26:00;  101.00;  -50.00;   40.00;    1.71;   0.870;       4;    1.57;  992.69;    1.87
08.02.2024 15:27:00;   90.93;  -50.00;   40.00;    1.68;   0.871;       4;    1.48;  992.68;    2.65
08.02.2024 15:28:00;  101.00;  -50.00;   40.00;    1.63;   0.871;       3;    1.76;  992.67;    2.43
08.02.2024 15:29:00;  101.00;  -50.00;   40.00;    1.59;   0.872;       4;    1.85;  992.65;    2.59
08.02.2024 15:30:00;  101.00;  -50.00;   40.00;    1.55;   0.874;       3;    1.44;  992.64;    1.81
08.02.2024 15:31:00;   95.97;  -50.00;   40.00;    1.53;   0.875;       4;    1.61;  992.62;    2.05
08.02.2024 15:32:00;  101.00;  -50.00;   40.00;    1.50;   0.877;       4;    1.74;  992.59;    2.13
08.02.2024 15:33:00;  101.00;  -50.00;   40.00;    1.48;   0.878;       4;    2.59;  992.56;    3.41
08.02.2024 15:34:00;   95.97;  -50.00;   40.00;    1.46;   0.879;       4;    2.11;  992.52;    3.69
08.02.2024 15:35:00;  101.00;  -50.00;   40.00;    1.43;   0.880;       4;    1.58;  992.49;    2.01
08.02.2024 15:36:00;  101.00;  -50.00;   40.00;    1.41;   0.881;       3;    2.13;  992.46;    3.08
08.02.2024 15:37:00;  101.00;  -50.00;   40.00;    1.38;   0.881;       4;    2.19;  992.43;    3.08
08.02.2024 15:38:00;   90.93;  -50.00;   40.00;    1.36;   0.882;       3;    0.98;  992.40;    1.80
08.02.2024 15:39:00;   95.97;  -50.00;   40.00;    1.34;   0.883;       3;    2.06;  992.37;    3.07
08.02.2024 15:40:00;   85.90;  -50.00;   40.00;    1.32;   0.885;       3;    1.63;  992.34;    2.38
08.02.2024 15:41:00;  101.00;  -50.00;   40.00;    1.30;   0.886;       0;    2.28;  992.31;    2.61
08.02.2024 15:42:00;  101.00;  -50.00;   40.00;    1.29;   0.886;       5;    1.62;  992.29;    2.03
08.02.2024 15:43:00;   95.97;  -50.00;   40.00;    1.27;   0.888;       0;    1.20;  992.27;    1.55
08.02.2024 15:44:00;  101.00;  -50.00;   40.00;    1.26;   0.888;       5;    0.81;  992.25;    1.28
08.02.2024 15:45:00;   85.90;  -50.00;   40.00;    1.24;   0.889;       0;    1.22;  992.24;    1.51
08.02.2024 15:46:00;  101.00;  -50.00;   40.00;    1.23;   0.890;       4;    1.08;  992.22;    1.55
08.02.2024 15:47:00;   90.93;  -50.00;   40.00;    1.22;   0.891;       0;    1.03;  992.19;    1.13
08.02.2024 15:48:00;  101.00;  -50.00;   40.00;    1.22;   0.891;       5;    1.64;  992.17;    2.37
08.02.2024 15:49:00;  101.00;  -50.00;   40.00;    1.21;   0.892;       0;    1.78;  992.17;    2.17
08.02.2024 15:50:00;  101.00;  -50.00;   40.00;    1.21;   0.893;       5;    1.85;  992.14;    2.40
08.02.2024 15:51:00;  101.00;  -50.00;   40.00;    1.21;   0.895;       0;    1.42;  992.13;    2.14
08.02.2024 15:52:00;  101.00;  -50.00;   40.00;    1.21;   0.895;       4;    1.07;  992.12;    1.70
08.02.2024 15:53:00;   90.93;  -50.00;   40.00;    1.21;   0.896;       0;    0.75;  992.13;    0.94
08.02.2024 15:54:00;  101.00;  -50.00;   40.00;    1.21;   0.896;       4;    0.94;  992.12;    1.55
08.02.2024 15:55:00;   85.90;  -50.00;   40.00;    1.20;   0.897;       0;    1.29;  992.12;    1.73
08.02.2024 15:56:00;  101.00;  -50.00;   40.00;    1.20;   0.897;       3;    1.57;  992.10;    2.23
08.02.2024 15:57:00;  101.00;  -50.00;   40.00;    1.20;   0.898;       0;    1.30;  992.07;    2.07
08.02.2024 15:58:00;   90.93;  -50.00;   40.00;    1.20;   0.898;       4;    1.21;  992.05;    1.80
08.02.2024 15:59:00;   95.97;  -50.00;   40.00;    1.19;   0.899;       0;    1.06;  992.03;    1.95
08.02.2024 16:00:00;  101.00;  -50.00;   40.00;    1.18;   0.899;       4;    3.05;  992.03;    3.88
08.02.2024 16:01:00;  101.00;  -50.00;   40.00;    1.16;   0.898;       0;    2.57;  992.04;    3.22
08.02.2024 16:02:00;  101.00;  -50.00;   40.00;    1.14;   0.899;       3;    1.58;  992.05;    2.27
08.02.2024 16:03:00;  101.00;  -50.00;   40.00;    1.13;   0.899;       0;    1.80;  992.05;    2.63
08.02.2024 16:04:00;  101.00;  -50.00;   40.00;    1.12;   0.900;       4;    1.39;  992.04;    2.13
08.02.2024 16:05:00;  101.00;  -50.00;   40.00;    1.11;   0.901;       0;    1.64;  992.05;    2.17
08.02.2024 16:06:00;   95.97;  -50.00;   40.00;    1.10;   0.901;       4;    1.52;  992.04;    2.12
08.02.2024 16:07:00;   90.93;  -50.00;   40.00;    1.09;   0.902;       0;    1.09;  992.02;    1.67
08.02.2024 16:08:00;  101.00;  -50.00;   40.00;    1.08;   0.902;       4;    1.76;  992.01;    2.12
08.02.2024 16:09:00;  101.00;  -50.00;   40.00;    1.06;   0.902;       0;    2.05;  991.98;    2.34
08.02.2024 16:10:00;  101.00;  -50.00;   40.00;    1.05;   0.903;       3;    1.24;  991.98;    2.14
08.02.2024 16:11:00;  101.00;  -50.00;   40.00;    1.04;   0.903;       0;    1.87;  991.98;    3.39
08.02.2024 16:12:00;   90.93;  -50.00;   40.00;    1.04;   0.904;       0;    1.64;  991.95;    3.39
08.02.2024 16:13:00;   90.93;  -50.00;   40.00;    1.04;   0.905;       4;    0.54;  991.95;    0.91
08.02.2024 16:14:00;   95.97;  -50.00;   40.00;    1.04;   0.905;       0;    0.68;  991.93;    0.95
08.02.2024 16:15:00;  101.00;  -50.00;   40.00;    1.04;   0.906;       3;    0.57;  991.92;    1.58
08.02.2024 16:16:00;   90.93;  -50.00;   40.00;    1.04;   0.907;       0;    1.37;  991.92;    1.74
08.02.2024 16:17:00;  101.00;  -50.00;   40.00;    1.04;   0.907;       0;    1.14;  991.92;    1.54
08.02.2024 16:18:00;  101.00;  -50.00;   40.00;    1.04;   0.907;       4;    1.14;  991.91;    1.68
08.02.2024 16:19:00;  101.00;  -50.00;   40.00;    1.03;   0.907;       0;    1.58;  991.90;    1.93
08.02.2024 16:20:00;   90.93;  -50.00;   40.00;    1.03;   0.908;       3;    1.42;  991.88;    1.84
08.02.2024 16:21:00;  101.00;  -50.00;   40.00;    1.01;   0.907;       0;    1.15;  991.88;    1.70
08.02.2024 16:22:00;   95.97;  -50.00;   40.00;    1.01;   0.908;       3;    1.56;  991.88;    2.04
08.02.2024 16:23:00;  101.00;  -50.00;   40.00;    1.00;   0.908;       0;    1.06;  991.89;    1.42
08.02.2024 16:24:00;  101.00;  -50.00;   40.00;    0.99;   0.909;       4;    2.07;  991.90;    2.75
08.02.2024 16:25:00;   90.93;  -50.00;   40.00;    0.98;   0.909;       0;    1.28;  991.89;    2.07
08.02.2024 16:26:00;  101.00;  -50.00;   40.00;    0.98;   0.909;       4;    1.33;  991.89;    1.64
08.02.2024 16:27:00;  101.00;  -50.00;   40.00;    0.97;   0.910;       0;    1.71;  991.88;    2.36
08.02.2024 16:28:00;   95.97;  -50.00;   40.00;    0.96;   0.910;       0;    1.49;  991.87;    2.28
08.02.2024 16:29:00;  101.00;  -50.00;   40.00;    0.96;   0.910;       4;    1.34;  991.86;    1.66
08.02.2024 16:30:00;  101.00;  -50.00;   40.00;    0.96;   0.911;       0;    1.75;  991.84;    2.31
08.02.2024 16:31:00;  101.00;  -50.00;   40.00;    0.95;   0.911;       3;    1.96;  991.84;    2.76
08.02.2024 16:32:00;   95.97;  -50.00;   40.00;    0.94;   0.911;       0;    1.84;  991.86;    2.23
08.02.2024 16:33:00;   90.93;  -50.00;   40.00;    0.92;   0.911;       3;    1.51;  991.87;    3.03
08.02.2024 16:34:00;  101.00;  -50.00;   40.00;    0.91;   0.911;       0;    3.50;  991.84;    4.25
08.02.2024 16:35:00;  101.00;  -50.00;   40.00;    0.89;   0.911;       4;    1.63;  991.82;    2.75
08.02.2024 16:36:00;  101.00;  -50.00;   40.00;    0.88;   0.911;       0;    1.76;  991.82;    2.51
08.02.2024 16:37:00;  101.00;  -50.00;   40.00;    0.87;   0.912;       5;    2.25;  991.83;    2.93
08.02.2024 16:38:00;  101.00;  -50.00;   40.00;    0.86;   0.912;       0;    2.17;  991.82;    2.84
08.02.2024 16:39:00;   90.93;  -50.00;   40.00;    0.85;   0.913;       4;    1.37;  991.81;    2.46
08.02.2024 16:40:00;  101.00;  -50.00;   40.00;    0.85;   0.913;       0;    1.03;  991.80;    1.88
08.02.2024 16:41:00;  101.00;  -50.00;   40.00;    0.84;   0.913;       3;    1.19;  991.79;    1.89
08.02.2024 16:42:00;  101.00;  -50.00;   40.00;    0.84;   0.914;       0;    1.30;  991.78;    1.67
08.02.2024 16:43:00;  101.00;  -50.00;   40.00;    0.83;   0.914;       3;    1.44;  991.74;    1.84
08.02.2024 16:44:00;  101.00;  -50.00;   40.00;    0.82;   0.915;       0;    1.64;  991.72;    1.90
08.02.2024 16:45:00;  101.00;  -50.00;   40.00;    0.82;   0.915;       3;    1.38;  991.69;    2.01
08.02.2024 16:46:00;  101.00;  -50.00;   40.00;    0.82;   0.915;       0;    0.99;  991.66;    1.54
08.02.2024 16:47:00;  101.00;  -50.00;   40.00;    0.82;   0.916;       4;    1.94;  991.63;    2.62
08.02.2024 16:48:00;  101.00;  -50.00;   40.00;    0.81;   0.916;       0;    1.81;  991.61;    2.62
08.02.2024 16:49:00;  101.00;  -50.00;   40.00;    0.81;   0.916;       0;    1.41;  991.58;    1.62
08.02.2024 16:50:00;   95.97;  -50.00;   40.00;    0.82;   0.917;       4;    1.39;  991.58;    1.75
08.02.2024 16:51:00;   90.93;  -50.00;   40.00;    0.82;   0.917;       0;    1.77;  991.58;    2.57
08.02.2024 16:52:00;  101.00;  -50.00;   40.00;    0.82;   0.918;       0;    1.61;  991.58;    2.06
08.02.2024 16:53:00;   95.97;  -50.00;   40.00;    0.82;   0.918;       3;    1.54;  991.57;    2.38
08.02.2024 16:54:00;  101.00;  -50.00;   40.00;    0.82;   0.918;       0;    1.31;  991.56;    1.71
08.02.2024 16:55:00;   95.97;  -50.00;   40.00;    0.82;   0.918;       0;    1.43;  991.55;    2.34
08.02.2024 16:56:00;   95.97;  -50.00;   40.00;    0.82;   0.918;       4;    1.77;  991.55;    2.74
08.02.2024 16:57:00;  101.00;  -50.00;   40.00;    0.81;   0.918;       0;    2.06;  991.53;    3.21
08.02.2024 16:58:00;   90.93;  -50.00;   40.00;    0.81;   0.919;       0;    1.68;  991.52;    2.12
08.02.2024 16:59:00;   95.97;  -50.00;   40.00;    0.80;   0.918;       3;    1.82;  991.50;    2.47
08.02.2024 17:00:00;  101.00;  -50.00;   40.00;    0.79;   0.918;       0;    2.11;  991.50;    3.16
08.02.2024 17:01:00;  101.00;  -50.00;   40.00;    0.79;   0.918;       0;    2.20;  991.50;    3.05
08.02.2024 17:02:00;  101.00;  -50.00;   40.00;    0.78;   0.919;       5;    1.69;  991.51;    2.15
08.02.2024 17:03:00;  101.00;  -50.00;   40.00;    0.78;   0.919;       0;    1.64;  991.52;    2.06
08.02.2024 17:04:00;  101.00;  -50.00;   40.00;    0.78;   0.920;       0;    2.10;  991.52;    2.82
08.02.2024 17:05:00;  101.00;  -50.00;   40.00;    0.77;   0.920;       4;    1.96;  991.49;    2.83
08.02.2024 17:06:00;  101.00;  -50.00;   40.00;    0.77;   0.920;       0;    1.57;  991.50;    2.37
08.02.2024 17:07:00;   95.97;  -50.00;   40.00;    0.76;   0.920;       0;    1.73;  991.50;    2.72
08.02.2024 17:08:00;  101.00;  -50.00;   40.00;    0.76;   0.921;       4;    1.98;  991.49;    2.76
08.02.2024 17:09:00;  101.00;  -50.00;   40.00;    0.76;   0.921;       0;    2.23;  991.48;    2.72
08.02.2024 17:10:00;  101.00;  -50.00;   40.00;    0.76;   0.921;       3;    2.50;  991.48;    3.32
08.02.2024 17:11:00;  101.00;  -50.00;   40.00;    0.76;   0.921;       0;    1.94;  991.47;    2.62
08.02.2024 17:12:00;  101.00;  -50.00;   40.00;    0.76;   0.922;       0;    1.74;  991.46;    2.64
08.02.2024 17:13:00;  101.00;  -50.00;   40.00;    0.77;   0.922;       3;    1.52;  991.44;    2.48
08.02.2024 17:14:00;  101.00;  -50.00;   40.00;    0.77;   0.922;       0;    1.51;  991.40;    2.29
08.02.2024 17:15:00;   80.87;  -50.00;   40.00;    0.76;   0.922;       0;    1.24;  991.35;    1.65
08.02.2024 17:16:00;  101.00;  -50.00;   40.00;    0.76;   0.922;       3;    2.45;  991.33;    3.93
08.02.2024 17:17:00;  101.00;  -50.00;   40.00;    0.76;   0.922;       0;    1.96;  991.31;    3.54
08.02.2024 17:18:00;  101.00;  -50.00;   40.00;    0.75;   0.922;       0;    1.59;  991.31;    2.03
08.02.2024 17:19:00;  101.00;  -50.00;   40.00;    0.74;   0.922;       4;    1.76;  991.30;    2.81
08.02.2024 17:20:00;  101.00;  -50.00;   40.00;    0.74;   0.923;       0;    1.80;  991.30;    2.23
08.02.2024 17:21:00;  101.00;  -50.00;   40.00;    0.73;   0.923;       3;    1.49;  991.27;    2.01
08.02.2024 17:22:00;  101.00;  -50.00;   40.00;    0.73;   0.923;       0;    1.48;  991.25;    1.97
08.02.2024 17:23:00;  101.00;  -50.00;   40.00;    0.73;   0.923;       3;    1.86;  991.24;    2.80
08.02.2024 17:24:00;  101.00;  -50.00;   40.00;    0.73;   0.923;       0;    1.22;  991.22;    2.18
08.02.2024 17:25:00;  101.00;  -50.00;   40.00;    0.72;   0.923;       4;    2.25;  991.21;    3.31
08.02.2024 17:26:00;  101.00;  -50.00;   40.00;    0.72;   0.924;       0;    1.12;  991.20;    1.37
08.02.2024 17:27:00;  101.00;  -50.00;   40.00;    0.71;   0.924;       3;    1.40;  991.18;    2.41
08.02.2024 17:28:00;  101.00;  -50.00;   40.00;    0.71;   0.924;       0;    0.90;  991.18;    1.54
08.02.2024 17:29:00;   95.97;  -50.00;   40.00;    0.70;   0.924;       3;    1.83;  991.17;    3.03
08.02.2024 17:30:00;  101.00;  -50.00;   40.00;    0.70;   0.924;       0;    1.61;  991.16;    2.29
08.02.2024 17:31:00;  101.00;  -50.00;   40.00;    0.70;   0.924;       3;    2.13;  991.16;    3.05
08.02.2024 17:32:00;  101.00;  -50.00;   40.00;    0.69;   0.925;       0;    2.00;  991.16;    3.01
08.02.2024 17:33:00;  101.00;  -50.00;   40.00;    0.68;   0.925;       3;    1.79;  991.17;    2.91
08.02.2024 17:34:00;  101.00;  -50.00;   40.00;    0.68;   0.925;       0;    1.97;  991.20;    2.91
08.02.2024 17:35:00;   95.97;  -50.00;   40.00;    0.67;   0.925;       4;    1.76;  991.21;    2.40
08.02.2024 17:36:00;  101.00;  -50.00;   40.00;    0.67;   0.925;       0;    1.76;  991.20;    2.57
08.02.2024 17:37:00;   90.93;  -50.00;   40.00;    0.67;   0.926;       3;    1.96;  991.20;    2.30
08.02.2024 17:38:00;  101.00;  -50.00;   40.00;    0.66;   0.925;       0;    1.27;  991.20;    1.75
08.02.2024 17:39:00;   90.93;  -50.00;   40.00;    0.66;   0.926;       4;    1.21;  991.18;    1.63
08.02.2024 17:40:00;  101.00;  -50.00;   40.00;    0.65;   0.926;       0;    1.33;  991.19;    2.62
08.02.2024 17:41:00;  101.00;  -50.00;   40.00;    0.65;   0.926;       3;    2.23;  991.20;    3.03
08.02.2024 17:42:00;  101.00;  -50.00;   40.00;    0.65;   0.926;       0;    1.73;  991.19;    3.09
08.02.2024 17:43:00;  101.00;  -50.00;   40.00;    0.65;   0.927;       3;    2.66;  991.16;    3.37
08.02.2024 17:44:00;  101.00;  -50.00;   40.00;    0.65;   0.927;       0;    2.55;  991.15;    3.24
08.02.2024 17:45:00;  101.00;  -50.00;   40.00;    0.66;   0.928;       0;    2.85;  991.12;    3.80
08.02.2024 17:46:00;  101.00;  -50.00;   40.00;    0.66;   0.927;       3;    1.64;  991.12;    1.96
08.02.2024 17:47:00;  101.00;  -50.00;   40.00;    0.65;   0.928;       0;    1.95;  991.12;    2.64
08.02.2024 17:48:00;  101.00;  -50.00;   40.00;    0.65;   0.927;       0;    1.44;  991.11;    2.20
08.02.2024 17:49:00;   95.97;  -50.00;   40.00;    0.65;   0.927;       4;    2.30;  991.11;    3.05
08.02.2024 17:50:00;  101.00;  -50.00;   40.00;    0.64;   0.927;       0;    1.79;  991.09;    3.50
08.02.2024 17:51:00;  101.00;  -50.00;   40.00;    0.64;   0.928;       0;    2.61;  991.06;    3.79
08.02.2024 17:52:00;   95.97;  -50.00;   40.00;    0.64;   0.928;       4;    2.26;  991.05;    2.83
08.02.2024 17:53:00;  101.00;  -50.00;   40.00;    0.63;   0.928;       0;    2.66;  991.01;    3.43
08.02.2024 17:54:00;  101.00;  -50.00;   40.00;    0.63;   0.928;       3;    2.78;  991.00;    3.92
08.02.2024 17:55:00;  101.00;  -50.00;   40.00;    0.63;   0.929;       0;    2.23;  991.00;    3.25
08.02.2024 17:56:00;  101.00;  -50.00;   40.00;    0.63;   0.929;       3;    1.65;  990.98;    2.32
08.02.2024 17:57:00;   95.97;  -50.00;   40.00;    0.63;   0.929;       0;    2.10;  990.98;    3.27
08.02.2024 17:58:00;  101.00;  -50.00;   40.00;    0.63;   0.929;       3;    3.22;  990.95;    4.62
08.02.2024 17:59:00;  101.00;  -50.00;   40.00;    0.63;   0.929;       0;    3.35;  990.93;    4.46
08.02.2024 18:00:00;  101.00;  -50.00;   40.00;    0.63;   0.929;       3;    3.24;  990.90;    4.48
08.02.2024 18:01:00;  101.00;  -50.00;   40.00;    0.63;   0.930;       0;    2.80;  990.89;    3.61
08.02.2024 18:02:00;  101.00;  -50.00;   40.00;    0.64;   0.930;       3;    2.60;  990.88;    3.20
08.02.2024 18:03:00;   90.93;  -50.00;   40.00;    0.63;   0.930;       0;    1.66;  990.86;    3.14
08.02.2024 18:04:00;  101.00;  -50.00;   40.00;    0.63;   0.930;       3;    2.32;  990.84;    2.60
08.02.2024 18:05:00;   95.97;  -50.00;   40.00;    0.63;   0.930;       0;    1.67;  990.84;    2.52
08.02.2024 18:06:00;  101.00;  -50.00;   40.00;    0.63;   0.930;       0;    1.73;  990.82;    2.68
08.02.2024 18:07:00;  101.00;  -50.00;   40.00;    0.63;   0.930;       3;    1.85;  990.81;    2.85
08.02.2024 18:08:00;  101.00;  -50.00;   40.00;    0.62;   0.930;       0;    2.28;  990.78;    3.30
08.02.2024 18:09:00;  101.00;  -50.00;   40.00;    0.61;   0.929;       3;    2.30;  990.78;    3.42
08.02.2024 18:10:00;  101.00;  -50.00;   40.00;    0.60;   0.930;       0;    2.80;  990.77;    4.01
08.02.2024 18:11:00;  101.00;  -50.00;   40.00;    0.59;   0.930;       4;    2.72;  990.74;    3.69
08.02.2024 18:12:00;   85.90;  -50.00;   40.00;    0.59;   0.929;       0;    1.30;  990.74;    2.26
08.02.2024 18:13:00;  101.00;  -50.00;   40.00;    0.57;   0.930;       4;    2.14;  990.75;    3.47
08.02.2024 18:14:00;  101.00;  -50.00;   40.00;    0.57;   0.930;       0;    3.33;  990.73;    4.18
08.02.2024 18:15:00;   95.97;  -50.00;   40.00;    0.57;   0.931;       3;    3.39;  990.72;    4.74
08.02.2024 18:16:00;   95.97;  -50.00;   40.00;    0.57;   0.931;       0;    2.06;  990.72;    2.42
08.02.2024 18:17:00;  101.00;  -50.00;   40.00;    0.57;   0.931;       4;    2.34;  990.71;    3.10
08.02.2024 18:18:00;  101.00;  -50.00;   40.00;    0.56;   0.931;       0;    2.26;  990.71;    3.48
08.02.2024 18:19:00;  101.00;  -50.00;   40.00;    0.56;   0.931;       4;    3.39;  990.71;    4.25
08.02.2024 18:20:00;   95.97;  -50.00;   40.00;    0.56;   0.931;       0;    2.55;  990.72;    3.81
08.02.2024 18:21:00;   95.97;  -50.00;   40.00;    0.56;   0.931;       3;    2.84;  990.71;    3.37
08.02.2024 18:22:00;  101.00;  -50.00;   40.00;    0.55;   0.931;       0;    1.97;  990.69;    2.99
08.02.2024 18:23:00;  101.00;  -50.00;   40.00;    0.55;   0.931;       4;    2.26;  990.68;    3.62
08.02.2024 18:24:00;  101.00;  -50.00;   40.00;    0.54;   0.931;       0;    2.08;  990.68;    2.97
08.02.2024 18:25:00;   95.97;  -50.00;   40.00;    0.53;   0.931;       4;    2.67;  990.65;    3.65
08.02.2024 18:26:00;  101.00;  -50.00;   40.00;    0.52;   0.931;       0;    2.02;  990.64;    2.82
08.02.2024 18:27:00;  101.00;  -50.00;   40.00;    0.52;   0.931;       5;    2.85;  990.63;    4.66
08.02.2024 18:28:00;   90.93;  -50.00;   40.00;    0.51;   0.932;       0;    3.42;  990.59;    4.90
08.02.2024 18:29:00;  101.00;  -50.00;   40.00;    0.51;   0.932;       5;    2.85;  990.59;    3.76
08.02.2024 18:30:00;   90.93;  -50.00;   40.00;    0.51;   0.932;       0;    1.51;  990.56;    2.71
08.02.2024 18:31:00;   95.97;  -50.00;   40.00;    0.50;   0.932;       5;    2.24;  990.54;    3.25
08.02.2024 18:32:00;  101.00;  -50.00;   40.00;    0.50;   0.932;       0;    2.54;  990.48;    3.34
08.02.2024 18:33:00;  101.00;  -50.00;   40.00;    0.49;   0.932;       4;    2.95;  990.46;    4.18
08.02.2024 18:34:00;  101.00;  -50.00;   40.00;    0.49;   0.933;       0;    2.33;  990.43;    3.69
08.02.2024 18:35:00;  101.00;  -50.00;   40.00;    0.49;   0.933;       3;    3.58;  990.40;    5.00
08.02.2024 18:36:00;   90.93;  -50.00;   40.00;    0.49;   0.933;       0;    2.02;  990.37;    2.92
08.02.2024 18:37:00;  101.00;  -50.00;   40.00;    0.48;   0.933;       5;    1.91;  990.35;    2.96
08.02.2024 18:38:00;  101.00;  -50.00;   40.00;    0.47;   0.933;       0;    1.64;  990.32;    2.49
08.02.2024 18:39:00;  101.00;  -50.00;   40.00;    0.47;   0.933;       4;    2.38;  990.29;    3.95
08.02.2024 18:40:00;   90.93;  -50.00;   40.00;    0.46;   0.933;       0;    3.29;  990.26;    3.95
08.02.2024 18:41:00;  101.00;  -50.00;   40.00;    0.46;   0.933;       4;    2.46;  990.25;    4.72
08.02.2024 18:42:00;   85.90;  -50.00;   40.00;    0.46;   0.933;       3;    2.94;  990.22;    3.56
08.02.2024 18:43:00;   85.90;  -50.00;   40.00;    0.46;   0.934;       3;    3.02;  990.22;    4.02
08.02.2024 18:44:00;  101.00;  -50.00;   40.00;    0.46;   0.934;       3;    2.32;  990.21;    3.30
08.02.2024 18:45:00;   95.97;  -50.00;   40.00;    0.46;   0.934;       3;    2.84;  990.22;    4.66
08.02.2024 18:46:00;   95.97;  -50.00;   40.00;    0.46;   0.934;       0;    1.64;  990.21;    2.33
08.02.2024 18:47:00;  101.00;  -50.00;   40.00;    0.45;   0.934;       5;    2.91;  990.21;    4.21
08.02.2024 18:48:00;  101.00;  -50.00;   40.00;    0.46;   0.935;       0;    2.52;  990.24;    3.11
08.02.2024 18:49:00;  101.00;  -50.00;   40.00;    0.46;   0.935;       4;    2.38;  990.26;    3.07
08.02.2024 18:50:00;   95.97;  -50.00;   40.00;    0.47;   0.935;       0;    2.34;  990.29;    3.84
08.02.2024 18:51:00;  101.00;  -50.00;   40.00;    0.48;   0.935;       0;    2.37;  990.29;    4.69
08.02.2024 18:52:00;   90.93;  -50.00;   40.00;    0.47;   0.935;       4;    2.51;  990.28;    4.66
08.02.2024 18:53:00;  101.00;  -50.00;   40.00;    0.47;   0.935;       0;    3.61;  990.25;    4.20
08.02.2024 18:54:00;  101.00;  -50.00;   40.00;    0.48;   0.935;       4;    2.50;  990.19;    4.26
08.02.2024 18:55:00;  101.00;  -50.00;   40.00;    0.48;   0.935;       0;    2.20;  990.19;    2.65
08.02.2024 18:56:00;   95.97;  -50.00;   40.00;    0.47;   0.935;       4;    2.39;  990.16;    4.33
08.02.2024 18:57:00;   90.93;  -50.00;   40.00;    0.47;   0.935;       0;    2.40;  990.15;    3.50
08.02.2024 18:58:00;  101.00;  -50.00;   40.00;    0.46;   0.935;       4;    2.30;  990.14;    3.19
08.02.2024 18:59:00;  101.00;  -50.00;   40.00;    0.46;   0.935;       0;    3.08;  990.12;    4.63
08.02.2024 19:00:00;  101.00;  -50.00;   40.00;    0.45;   0.935;       5;    2.34;  990.11;    3.79
08.02.2024 19:01:00;   90.93;  -50.00;   40.00;    0.45;   0.935;       0;    1.84;  990.10;    3.74
08.02.2024 19:02:00;  101.00;  -50.00;   40.00;    0.44;   0.935;       5;    2.14;  990.12;    3.48
08.02.2024 19:03:00;   90.93;  -50.00;   40.00;    0.43;   0.935;       3;    1.77;  990.13;    2.58
08.02.2024 19:04:00;  101.00;  -50.00;   40.00;    0.42;   0.935;       0;    2.03;  990.14;    2.72
08.02.2024 19:05:00;   95.97;  -50.00;   40.00;    0.42;   0.935;       6;    1.76;  990.14;    2.47
08.02.2024 19:06:00;   95.97;  -50.00;   40.00;    0.42;   0.936;       0;    1.91;  990.13;    3.03
08.02.2024 19:07:00;  101.00;  -50.00;   40.00;    0.41;   0.936;       4;    1.78;  990.13;    2.46
08.02.2024 19:08:00;  101.00;  -50.00;   40.00;    0.41;   0.936;       0;    2.49;  990.12;    3.35
08.02.2024 19:09:00;   90.93;  -50.00;   40.00;    0.41;   0.936;       5;    2.44;  990.12;    3.27
08.02.2024 19:10:00;   90.93;  -50.00;   40.00;    0.41;   0.936;       0;    2.68;  990.11;    4.09
08.02.2024 19:11:00;  101.00;  -50.00;   40.00;    0.41;   0.936;       5;    1.92;  990.09;    2.91
08.02.2024 19:12:00;  101.00;  -50.00;   40.00;    0.41;   0.937;       3;    2.37;  990.10;    3.23
08.02.2024 19:13:00;   95.97;  -50.00;   40.00;    0.41;   0.937;       3;    2.37;  990.10;    3.79
08.02.2024 19:14:00;   85.90;  -50.00;   40.00;    0.41;   0.937;       3;    1.96;  990.10;    3.16
08.02.2024 19:15:00;  101.00;  -50.00;   40.00;    0.42;   0.937;       4;    2.20;  990.10;    3.53
08.02.2024 19:16:00;  101.00;  -50.00;   40.00;    0.42;   0.937;       3;    2.37;  990.09;    3.69
08.02.2024 19:17:00;   80.87;  -50.00;   40.00;    0.42;   0.937;       0;    2.02;  990.09;    3.03
08.02.2024 19:18:00;  101.00;  -50.00;   40.00;    0.42;   0.937;       5;    2.44;  990.08;    3.19
08.02.2024 19:19:00;  101.00;  -50.00;   40.00;    0.42;   0.937;       0;    2.76;  990.06;    3.81
08.02.2024 19:20:00;  101.00;  -50.00;   40.00;    0.42;   0.937;       4;    1.67;  990.04;    2.51
08.02.2024 19:21:00;  101.00;  -50.00;   40.00;    0.42;   0.937;       0;    3.51;  990.01;    4.75
08.02.2024 19:22:00;   95.97;  -50.00;   40.00;    0.42;   0.937;       5;    2.51;  989.97;    4.02
08.02.2024 19:23:00;  101.00;  -50.00;   40.00;    0.42;   0.937;       0;    2.01;  989.95;    3.33
08.02.2024 19:24:00;  101.00;  -50.00;   40.00;    0.43;   0.938;       5;    2.78;  989.93;    4.15
08.02.2024 19:25:00;  101.00;  -50.00;   40.00;    0.44;   0.938;       0;    2.12;  989.89;    2.90
08.02.2024 19:26:00;  101.00;  -50.00;   40.00;    0.44;   0.938;       3;    2.76;  989.87;    3.70
08.02.2024 19:27:00;  101.00;  -50.00;   40.00;    0.44;   0.938;       0;    2.64;  989.84;    3.94
08.02.2024 19:28:00;  101.00;  -50.00;   40.00;    0.44;   0.938;       4;    2.71;  989.83;    4.13
08.02.2024 19:29:00;  101.00;  -50.00;   40.00;    0.44;   0.938;       0;    1.67;  989.78;    2.65
08.02.2024 19:30:00;   90.93;  -50.00;   40.00;    0.44;   0.938;       3;    2.53;  989.75;    4.93
08.02.2024 19:31:00;  101.00;  -50.00;   40.00;    0.44;   0.938;       0;    3.19;  989.72;    4.93
08.02.2024 19:32:00;   90.93;  -50.00;   40.00;    0.45;   0.938;       5;    3.13;  989.69;    4.42
08.02.2024 19:33:00;  101.00;  -50.00;   40.00;    0.45;   0.938;       0;    2.70;  989.67;    5.68
08.02.2024 19:34:00;   85.90;  -50.00;   40.00;    0.46;   0.939;       4;    3.91;  989.64;    5.68
08.02.2024 19:35:00;  100.35;  -50.00;   40.00;    0.46;   0.939;       0;    3.84;  989.62;    5.39
08.02.2024 19:36:00;  101.00;  -50.00;   40.00;    0.47;   0.939;       0;    2.37;  989.59;    4.83
08.02.2024 19:37:00;  101.00;  -50.00;   40.00;    0.47;   0.939;       0;    3.32;  989.57;    5.11
08.02.2024 19:38:00;  101.00;  -50.00;   40.00;    0.47;   0.939;       3;    3.08;  989.56;    4.03
08.02.2024 19:39:00;  101.00;  -50.00;   40.00;    0.47;   0.938;       0;    2.90;  989.55;    4.41
08.02.2024 19:40:00;  101.00;  -50.00;   40.00;    0.48;   0.939;       0;    2.86;  989.51;    4.72
08.02.2024 19:41:00;  101.00;  -50.00;   40.00;    0.49;   0.939;       0;    3.31;  989.49;    4.42
08.02.2024 19:42:00;   95.97;  -50.00;   40.00;    0.50;   0.940;       0;    3.07;  989.45;    4.99
08.02.2024 19:43:00;   90.93;  -50.00;   40.00;    0.50;   0.939;       4;    3.34;  989.44;    6.12
08.02.2024 19:44:00;   85.90;  -50.00;   40.00;    0.51;   0.939;       0;    2.98;  989.40;    4.48
08.02.2024 19:45:00;  101.00;  -50.00;   40.00;    0.51;   0.939;       0;    2.88;  989.39;    5.61
08.02.2024 19:46:00;  101.00;  -50.00;   40.00;    0.51;   0.939;       0;    5.42;  989.36;    7.17
08.02.2024 19:47:00;  101.00;  -50.00;   40.00;    0.52;   0.940;       0;    3.57;  989.36;    4.51
08.02.2024 19:48:00;  101.00;  -50.00;   40.00;    0.53;   0.940;       0;    3.11;  989.44;    4.58
08.02.2024 19:49:00;  101.00;  -50.00;   40.00;    0.54;   0.940;       3;    3.62;  989.47;    4.79
08.02.2024 19:50:00;  101.00;  -50.00;   40.00;    0.54;   0.940;       0;    2.54;  989.50;    3.53
08.02.2024 19:51:00;  101.00;  -50.00;   40.00;    0.53;   0.939;       0;    2.25;  989.53;    3.54
08.02.2024 19:52:00;  101.00;  -50.00;   40.00;    0.52;   0.939;       0;    1.88;  989.53;    3.31
08.02.2024 19:53:00;   95.97;  -50.00;   40.00;    0.51;   0.938;       3;    2.08;  989.55;    3.23
08.02.2024 19:54:00;  101.00;  -50.00;   40.00;    0.51;   0.938;       0;    3.37;  989.55;    5.40
08.02.2024 19:55:00;  101.00;  -50.00;   40.00;    0.51;   0.939;       4;    3.64;  989.54;    5.18
08.02.2024 19:56:00;   95.97;  -50.00;   40.00;    0.51;   0.939;       3;    3.07;  989.51;    4.15
08.02.2024 19:57:00;  101.00;  -50.00;   40.00;    0.51;   0.939;       4;    3.67;  989.50;    5.61
08.02.2024 19:58:00;  101.00;  -50.00;   40.00;    0.52;   0.940;       4;    3.99;  989.46;    6.43
08.02.2024 19:59:00;  101.00;  -50.00;   40.00;    0.52;   0.940;       3;    3.18;  989.45;    4.38
08.02.2024 20:00:00;  101.00;  -50.00;   40.00;    0.53;   0.940;       3;    2.89;  989.45;    4.98
08.02.2024 20:01:00;  101.00;  -50.00;   40.00;    0.53;   0.940;       0;    2.53;  989.41;    3.33
08.02.2024 20:02:00;   95.97;  -50.00;   40.00;    0.54;   0.940;       5;    2.63;  989.40;    3.40
08.02.2024 20:03:00;   90.93;  -50.00;   40.00;    0.54;   0.940;       0;    3.74;  989.40;    5.93
08.02.2024 20:04:00;  101.00;  -50.00;   40.00;    0.55;   0.940;       4;    3.04;  989.41;    5.93
08.02.2024 20:05:00;  101.00;  -50.00;   40.00;    0.55;   0.940;       0;    1.56;  989.45;    2.41
08.02.2024 20:06:00;   95.97;  -50.00;   40.00;    0.56;   0.940;       5;    2.22;  989.47;    3.34
08.02.2024 20:07:00;  101.00;  -50.00;   40.00;    0.56;   0.940;       0;    2.14;  989.49;    3.30
08.02.2024 20:08:00;  101.00;  -50.00;   40.00;    0.57;   0.940;       4;    1.94;  989.47;    3.23
08.02.2024 20:09:00;  101.00;  -50.00;   40.00;    0.57;   0.940;       0;    2.21;  989.48;    3.23
08.02.2024 20:10:00;  101.00;  -50.00;   40.00;    0.57;   0.940;       4;    2.42;  989.44;    3.10
08.02.2024 20:11:00;  101.00;  -50.00;   40.00;    0.57;   0.940;       0;    1.73;  989.43;    2.42
08.02.2024 20:12:00;  101.00;  -50.00;   40.00;    0.58;   0.940;       0;    3.23;  989.42;    4.67
08.02.2024 20:13:00;   90.93;  -50.00;   40.00;    0.59;   0.941;       0;    2.97;  989.40;    4.37
08.02.2024 20:14:00;  101.00;  -50.00;   40.00;    0.60;   0.941;       3;    2.64;  989.41;    3.62
08.02.2024 20:15:00;   90.93;  -50.00;   40.00;    0.61;   0.941;       0;    2.48;  989.42;    4.02
08.02.2024 20:16:00;  101.00;  -50.00;   40.00;    0.62;   0.941;       0;    2.33;  989.41;    3.66
08.02.2024 20:17:00;  101.00;  -50.00;   40.00;    0.62;   0.941;       0;    2.81;  989.41;    6.13
08.02.2024 20:18:00;  101.00;  -50.00;   40.00;    0.63;   0.941;       0;    2.23;  989.39;    6.13
08.02.2024 20:19:00;  101.00;  -50.00;   40.00;    0.63;   0.941;       4;    2.41;  989.40;    3.56
08.02.2024 20:20:00;  101.00;  -50.00;   40.00;    0.63;   0.940;       0;    1.63;  989.42;    3.32
08.02.2024 20:21:00;  101.00;  -50.00;   40.00;    0.63;   0.940;       4;    2.97;  989.40;    4.77
08.02.2024 20:22:00;   90.93;  -50.00;   40.00;    0.64;   0.941;       0;    3.32;  989.39;    4.05
08.02.2024 20:23:00;  101.00;  -50.00;   40.00;    0.64;   0.941;       5;    2.55;  989.38;    3.59
08.02.2024 20:24:00;   95.97;  -50.00;   40.00;    0.65;   0.941;       0;    3.28;  989.36;    5.58
08.02.2024 20:25:00;  101.00;  -50.00;   40.00;    0.66;   0.941;       6;    3.12;  989.35;    5.44
08.02.2024 20:26:00;   95.97;  -50.00;   40.00;    0.67;   0.941;       0;    3.58;  989.36;    5.91
08.02.2024 20:27:00;   90.93;  -50.00;   40.00;    0.67;   0.941;       5;    3.84;  989.33;    6.13
08.02.2024 20:28:00;  101.00;  -50.00;   40.00;    0.68;   0.941;       0;    2.40;  989.35;    3.51
08.02.2024 20:29:00;   95.97;  -50.00;   40.00;    0.68;   0.941;       5;    3.07;  989.32;    4.23
08.02.2024 20:30:00;  101.00;  -50.00;   40.00;    0.68;   0.941;       0;    2.04;  989.31;    4.23
08.02.2024 20:31:00;  101.00;  -50.00;   40.00;    0.68;   0.941;       4;    3.79;  989.31;    4.57
08.02.2024 20:32:00;  101.00;  -50.00;   40.00;    0.69;   0.941;       3;    2.59;  989.29;    3.82
08.02.2024 20:33:00;   95.97;  -50.00;   40.00;    0.70;   0.941;       0;    3.98;  989.31;    5.95
08.02.2024 20:34:00;  101.00;  -50.00;   40.00;    0.70;   0.942;       6;    2.29;  989.31;    3.14
08.02.2024 20:35:00;  101.00;  -50.00;   40.00;    0.71;   0.941;       0;    1.72;  989.30;    1.95
08.02.2024 20:36:00;  101.00;  -50.00;   40.00;    0.71;   0.941;       5;    3.65;  989.31;    5.49
08.02.2024 20:37:00;  101.00;  -50.00;   40.00;    0.71;   0.941;       3;    2.58;  989.27;    4.07
08.02.2024 20:38:00;  101.00;  -50.00;   40.00;    0.72;   0.941;       4;    3.84;  989.26;    5.70
08.02.2024 20:39:00;  101.00;  -50.00;   40.00;    0.72;   0.941;       4;    4.01;  989.24;    6.98
08.02.2024 20:40:00;   95.97;  -50.00;   40.00;    0.71;   0.941;       5;    3.99;  989.20;    6.37
08.02.2024 20:41:00;  101.00;  -50.00;   40.00;    0.72;   0.941;       4;    4.23;  989.20;    5.94
08.02.2024 20:42:00;  101.00;  -50.00;   40.00;    0.72;   0.941;       4;    3.12;  989.17;    5.52
08.02.2024 20:43:00;  101.00;  -50.00;   40.00;    0.72;   0.941;       7;    3.11;  989.15;    4.71
08.02.2024 20:44:00;   90.93;  -50.00;   40.00;    0.72;   0.941;       7;    2.87;  989.14;    5.21
08.02.2024 20:45:00;  101.00;  -50.00;   40.00;    0.72;   0.941;       7;    2.55;  989.12;    4.59
08.02.2024 20:46:00;  101.00;  -50.00;   40.00;    0.73;   0.942;       6;    3.69;  989.08;    5.23
08.02.2024 20:47:00;   95.97;  -50.00;   40.00;    0.73;   0.942;       4;    4.72;  989.05;    6.90
08.02.2024 20:48:00;  101.00;  -50.00;   40.00;    0.73;   0.942;       3;    5.00;  989.01;    6.90
08.02.2024 20:49:00;  101.00;  -50.00;   40.00;    0.74;   0.942;       0;    4.17;  989.03;    5.52
08.02.2024 20:50:00;  101.00;  -50.00;   40.00;    0.74;   0.942;       5;    4.03;  989.02;    4.80
08.02.2024 20:51:00;  101.00;  -50.00;   40.00;    0.74;   0.942;       3;    4.01;  989.01;    5.58
08.02.2024 20:52:00;  101.00;  -50.00;   40.00;    0.75;   0.942;       3;    3.82;  988.98;    5.75
08.02.2024 20:53:00;   90.93;  -50.00;   40.00;    0.75;   0.942;       3;    2.05;  988.97;    3.61
08.02.2024 20:54:00;  101.00;  -50.00;   40.00;    0.76;   0.942;       0;    2.20;  989.00;    4.13
08.02.2024 20:55:00;  101.00;  -50.00;   40.00;    0.76;   0.942;       6;    5.22;  988.98;    7.37
08.02.2024 20:56:00;  101.00;  -50.00;   40.00;    0.76;   0.942;       0;    3.81;  988.99;    4.77
08.02.2024 20:57:00;   95.97;  -50.00;   40.00;    0.77;   0.942;       5;    4.23;  988.99;    5.53
08.02.2024 20:58:00;  101.00;  -50.00;   40.00;    0.77;   0.942;       0;    4.92;  988.98;    7.67
08.02.2024 20:59:00;  101.00;  -50.00;   40.00;    0.78;   0.942;       5;    4.44;  989.00;    6.57
08.02.2024 21:00:00;  101.00;  -50.00;   40.00;    0.78;   0.942;       0;    2.27;  989.00;    4.04
08.02.2024 21:01:00;  101.00;  -50.00;   40.00;    0.79;   0.942;       4;    4.05;  988.98;    5.28
08.02.2024 21:02:00;  101.00;  -50.00;   40.00;    0.79;   0.942;       0;    3.50;  988.98;    5.25
08.02.2024 21:03:00;  101.00;  -50.00;   40.00;    0.79;   0.942;       5;    3.11;  988.97;    5.48
08.02.2024 21:04:00;  101.00;  -50.00;   40.00;    0.79;   0.942;       0;    2.60;  988.96;    3.59
08.02.2024 21:05:00;  101.00;  -50.00;   40.00;    0.79;   0.942;       6;    4.14;  988.94;    6.60
08.02.2024 21:06:00;  101.00;  -50.00;   40.00;    0.80;   0.942;       4;    4.43;  988.95;    5.85
08.02.2024 21:07:00;  101.00;  -50.00;   40.00;    0.81;   0.943;       5;    3.40;  988.95;    5.33
08.02.2024 21:08:00;   95.97;  -50.00;   40.00;    0.81;   0.943;       4;    3.80;  988.96;    5.14
08.02.2024 21:09:00;  101.00;  -50.00;   40.00;    0.81;   0.942;       3;    4.21;  988.92;    5.72
08.02.2024 21:10:00;  101.00;  -50.00;   40.00;    0.81;   0.942;       3;    3.11;  988.89;    3.98
08.02.2024 21:11:00;  101.00;  -50.00;   40.00;    0.82;   0.942;       0;    2.91;  988.84;    3.74
08.02.2024 21:12:00;   90.93;  -50.00;   40.00;    0.82;   0.942;       4;    2.45;  988.82;    3.71
08.02.2024 21:13:00;  101.00;  -50.00;   40.00;    0.82;   0.942;       0;    2.88;  988.81;    4.01
08.02.2024 21:14:00;  101.00;  -50.00;   40.00;    0.82;   0.942;       0;    3.32;  988.80;    4.59
08.02.2024 21:15:00;  101.00;  -50.00;   40.00;    0.82;   0.942;       4;    3.28;  988.81;    5.92
08.02.2024 21:16:00;  101.00;  -50.00;   40.00;    0.83;   0.942;       0;    3.95;  988.81;    5.69
08.02.2024 21:17:00;  101.00;  -50.00;   40.00;    0.83;   0.943;       4;    3.68;  988.80;    4.94
08.02.2024 21:18:00;  101.00;  -50.00;   40.00;    0.83;   0.943;       0;    4.61;  988.80;    6.51
08.02.2024 21:19:00;  101.00;  -50.00;   40.00;    0.84;   0.943;       5;    2.42;  988.79;    4.81
08.02.2024 21:20:00;  101.00;  -50.00;   40.00;    0.84;   0.942;       0;    3.32;  988.80;    4.58
08.02.2024 21:21:00;   90.93;  -50.00;   40.00;    0.84;   0.942;       5;    4.37;  988.76;    6.37
08.02.2024 21:22:00;  101.00;  -50.00;   40.00;    0.84;   0.942;       0;    3.98;  988.75;    6.15
08.02.2024 21:23:00;  101.00;  -50.00;   40.00;    0.84;   0.943;       4;    4.09;  988.76;    5.89
08.02.2024 21:24:00;   90.93;  -50.00;   40.00;    0.85;   0.943;       0;    4.23;  988.77;    5.52
08.02.2024 21:25:00;  101.00;  -50.00;   40.00;    0.85;   0.943;       4;    3.77;  988.78;    6.39
08.02.2024 21:26:00;   90.93;  -50.00;   40.00;    0.85;   0.942;       0;    3.13;  988.80;    5.24
08.02.2024 21:27:00;   95.97;  -50.00;   40.00;    0.85;   0.942;       4;    5.64;  988.75;    6.90
08.02.2024 21:28:00;  101.00;  -50.00;   40.00;    0.85;   0.943;       3;    4.35;  988.73;    5.67
08.02.2024 21:29:00;  101.00;  -50.00;   40.00;    0.86;   0.943;       0;    3.66;  988.70;    5.67
08.02.2024 21:30:00;  101.00;  -50.00;   40.00;    0.86;   0.942;       5;    3.12;  988.68;    4.90
08.02.2024 21:31:00;  101.00;  -50.00;   40.00;    0.86;   0.943;       0;    3.75;  988.65;    4.54
08.02.2024 21:32:00;  101.00;  -50.00;   40.00;    0.86;   0.943;       4;    3.73;  988.64;    5.00
08.02.2024 21:33:00;   70.80;  -50.00;   40.00;    0.87;   0.943;       0;    4.05;  988.65;    5.67
08.02.2024 21:34:00;  101.00;  -50.00;   40.00;    0.87;   0.943;       4;    4.23;  988.65;    6.73
08.02.2024 21:35:00;   95.97;  -50.00;   40.00;    0.87;   0.943;       0;    4.30;  988.66;    5.80
08.02.2024 21:36:00;   75.83;  -50.00;   40.00;    0.87;   0.943;       5;    5.50;  988.66;    6.44
08.02.2024 21:37:00;  101.00;  -50.00;   40.00;    0.87;   0.943;       0;    5.06;  988.66;    6.27
08.02.2024 21:38:00;   95.97;  -50.00;   40.00;    0.86;   0.943;       5;    4.72;  988.68;    5.71
08.02.2024 21:39:00;  101.00;  -50.00;   40.00;    0.86;   0.943;       0;    4.61;  988.67;    6.18
08.02.2024 21:40:00;  101.00;  -50.00;   40.00;    0.87;   0.943;       3;    4.14;  988.64;    8.25
08.02.2024 21:41:00;   95.97;  -50.00;   40.00;    0.87;   0.943;       0;    4.34;  988.62;    6.25
08.02.2024 21:42:00;  101.00;  -50.00;   40.00;    0.87;   0.943;       3;    5.19;  988.60;    7.41
08.02.2024 21:43:00;  101.00;  -50.00;   40.00;    0.87;   0.943;       0;    3.80;  988.57;    4.60
08.02.2024 21:44:00;   80.87;  -50.00;   40.00;    0.87;   0.943;       4;    3.15;  988.59;    5.20
08.02.2024 21:45:00;  101.00;  -50.00;   40.00;    0.87;   0.943;       0;    3.68;  988.54;    4.47
08.02.2024 21:46:00;  101.00;  -50.00;   40.00;    0.87;   0.943;       0;    5.87;  988.54;    7.38
08.02.2024 21:47:00;  101.00;  -50.00;   40.00;    0.87;   0.943;       3;    4.29;  988.50;    6.22
08.02.2024 21:48:00;   95.97;  -50.00;   40.00;    0.87;   0.942;       0;    3.88;  988.52;    6.01
08.02.2024 21:49:00;  101.00;  -50.00;   40.00;    0.87;   0.943;       6;    2.53;  988.52;    3.91
08.02.2024 21:50:00;  101.00;  -50.00;   40.00;    0.87;   0.943;       4;    3.61;  988.51;    5.89
08.02.2024 21:51:00;   85.90;  -50.00;   40.00;    0.87;   0.943;       4;    2.57;  988.52;    4.18
08.02.2024 21:52:00;   85.90;  -50.00;   40.00;    0.87;   0.943;       0;    4.27;  988.49;    5.61
08.02.2024 21:53:00;  101.00;  -50.00;   40.00;    0.87;   0.943;       4;    2.65;  988.50;    4.17
08.02.2024 21:54:00;  101.00;  -50.00;   40.00;    0.87;   0.943;       0;    3.88;  988.50;    5.80
08.02.2024 21:55:00;  101.00;  -50.00;   40.00;    0.88;   0.943;       0;    4.04;  988.47;    5.43
08.02.2024 21:56:00;  101.00;  -50.00;   40.00;    0.88;   0.943;       3;    2.98;  988.47;    4.47
08.02.2024 21:57:00;  101.00;  -50.00;   40.00;    0.88;   0.943;       0;    3.83;  988.45;    4.66
08.02.2024 21:58:00;  101.00;  -50.00;   40.00;    0.88;   0.943;       0;    3.64;  988.44;    5.59
08.02.2024 21:59:00;  101.00;  -50.00;   40.00;    0.89;   0.943;       0;    4.77;  988.42;    6.61
08.02.2024 22:00:00;  101.00;  -50.00;   40.00;    0.89;   0.943;       0;    4.36;  988.40;    6.78
08.02.2024 22:01:00;   95.97;  -50.00;   40.00;    0.89;   0.943;       3;    4.87;  988.40;    6.52
08.02.2024 22:02:00;  101.00;  -50.00;   40.00;    0.89;   0.943;       0;    4.55;  988.37;    6.18
08.02.2024 22:03:00;  101.00;  -50.00;   40.00;    0.90;   0.943;       0;    5.35;  988.37;    8.91
08.02.2024 22:04:00;  101.00;  -50.00;   40.00;    0.90;   0.943;       0;    4.60;  988.38;    6.96
08.02.2024 22:05:00;   95.97;  -50.00;   40.00;    0.90;   0.943;       4;    4.75;  988.36;    6.30
08.02.2024 22:06:00;  101.00;  -50.00;   40.00;    0.91;   0.943;       0;    3.51;  988.37;    4.43
08.02.2024 22:07:00;   95.97;  -50.00;   40.00;    0.91;   0.943;       6;    3.22;  988.36;    5.11
08.02.2024 22:08:00;  101.00;  -50.00;   40.00;    0.91;   0.943;       0;    2.22;  988.35;    3.33
08.02.2024 22:09:00;  101.00;  -50.00;   40.00;    0.91;   0.943;       6;    3.33;  988.36;    4.52
08.02.2024 22:10:00;  101.00;  -50.00;   40.00;    0.91;   0.943;       3;    4.99;  988.33;    6.94
08.02.2024 22:11:00;  101.00;  -50.00;   40.00;    0.90;   0.943;       0;    4.66;  988.32;    6.22
08.02.2024 22:12:00;   90.93;  -50.00;   40.00;    0.91;   0.943;       5;    3.70;  988.31;    5.02
08.02.2024 22:13:00;  101.00;  -50.00;   40.00;    0.92;   0.943;       0;    4.08;  988.28;    6.15
08.02.2024 22:14:00;  101.00;  -50.00;   40.00;    0.92;   0.943;       5;    5.57;  988.27;    6.79
08.02.2024 22:15:00;  101.00;  -50.00;   40.00;    0.91;   0.943;       0;    3.80;  988.22;    5.96
08.02.2024 22:16:00;  101.00;  -50.00;   40.00;    0.91;   0.943;       3;    2.60;  988.22;    4.01
08.02.2024 22:17:00;  101.00;  -50.00;   40.00;    0.92;   0.943;       0;    4.42;  988.22;    7.15
08.02.2024 22:18:00;   95.97;  -50.00;   40.00;    0.92;   0.943;       0;    4.62;  988.17;    7.04
08.02.2024 22:19:00;  101.00;  -50.00;   40.00;    0.92;   0.943;       4;    3.96;  988.13;    5.73
08.02.2024 22:20:00;   90.93;  -50.00;   40.00;    0.92;   0.943;       0;    2.77;  988.11;    3.43
08.02.2024 22:21:00;  101.00;  -50.00;   40.00;    0.92;   0.943;       0;    3.18;  988.11;    5.00
08.02.2024 22:22:00;  101.00;  -50.00;   40.00;    0.92;   0.943;       3;    5.33;  988.06;    6.64
08.02.2024 22:23:00;   90.93;  -50.00;   40.00;    0.92;   0.943;       0;    5.06;  988.07;    7.85
08.02.2024 22:24:00;  101.00;  -50.00;   40.00;    0.92;   0.943;       0;    5.84;  988.04;    7.34
08.02.2024 22:25:00;   85.90;  -50.00;   40.00;    0.92;   0.943;       4;    4.77;  988.00;    6.34
08.02.2024 22:26:00;  101.00;  -50.00;   40.00;    0.93;   0.943;       0;    3.79;  988.01;    5.89
08.02.2024 22:27:00;  101.00;  -50.00;   40.00;    0.93;   0.943;       0;    2.80;  987.95;    5.89
08.02.2024 22:28:00;  101.00;  -50.00;   40.00;    0.93;   0.943;       0;    2.36;  987.92;    3.62
08.02.2024 22:29:00;  101.00;  -50.00;   40.00;    0.94;   0.944;       0;    3.72;  987.89;    6.69
08.02.2024 22:30:00;  101.00;  -50.00;   40.00;    0.94;   0.944;       0;    5.27;  987.88;    7.11
08.02.2024 22:31:00;  101.00;  -50.00;   40.00;    0.95;   0.944;       0;    4.22;  987.87;    5.88
08.02.2024 22:32:00;  101.00;  -50.00;   40.00;    0.94;   0.943;       0;    4.61;  987.82;    5.59
08.02.2024 22:33:00;  101.00;  -50.00;   40.00;    0.95;   0.944;       0;    5.08;  987.78;    6.39
08.02.2024 22:34:00;  101.00;  -50.00;   40.00;    0.95;   0.944;       0;    3.79;  987.77;    4.93
08.02.2024 22:35:00;  101.00;  -50.00;   40.00;    0.95;   0.944;       0;    3.91;  987.69;    5.55
08.02.2024 22:36:00;  101.00;  -50.00;   40.00;    0.96;   0.944;       0;    3.83;  987.68;    5.70
08.02.2024 22:37:00;  101.00;  -50.00;   40.00;    0.96;   0.943;       3;    3.44;  987.68;    4.92
08.02.2024 22:38:00;   90.93;  -50.00;   40.00;    0.96;   0.944;       0;    4.04;  987.69;    6.94
08.02.2024 22:39:00;  101.00;  -50.00;   40.00;    0.96;   0.944;       0;    3.98;  987.64;    6.27
08.02.2024 22:40:00;   80.87;  -50.00;   40.00;    0.97;   0.944;       0;    2.34;  987.66;    3.22
08.02.2024 22:41:00;  101.00;  -50.00;   40.00;    0.97;   0.944;       0;    2.71;  987.61;    3.39
08.02.2024 22:42:00;   95.97;  -50.00;   40.00;    0.97;   0.944;       0;    4.16;  987.62;    6.88
08.02.2024 22:43:00;  101.00;  -50.00;   40.00;    0.98;   0.944;       0;    3.59;  987.58;    4.41
08.02.2024 22:44:00;  101.00;  -50.00;   40.00;    0.98;   0.944;       0;    2.62;  987.60;    3.49
08.02.2024 22:45:00;  101.00;  -50.00;   40.00;    0.99;   0.944;       0;    3.95;  987.61;    4.70
08.02.2024 22:46:00;  101.00;  -50.00;   40.00;    0.99;   0.944;       3;    4.35;  987.63;    5.40
08.02.2024 22:47:00;  101.00;  -50.00;   40.00;    0.99;   0.944;       0;    2.98;  987.57;    4.17
08.02.2024 22:48:00;  101.00;  -50.00;   40.00;    1.00;   0.944;       0;    3.50;  987.59;    5.04
08.02.2024 22:49:00;  101.00;  -50.00;   40.00;    1.00;   0.944;       0;    3.40;  987.56;    5.04
08.02.2024 22:50:00;  101.00;  -50.00;   40.00;    1.00;   0.944;       0;    2.49;  987.56;    3.50
08.02.2024 22:51:00;   80.87;  -50.00;   40.00;    1.01;   0.944;       0;    4.32;  987.58;    6.02
08.02.2024 22:52:00;  101.00;  -50.00;   40.00;    1.01;   0.944;       3;    4.16;  987.59;    5.12
08.02.2024 22:53:00;   80.87;  -50.00;   40.00;    1.02;   0.944;       0;    4.11;  987.57;    5.29
08.02.2024 22:54:00;   90.93;  -50.00;   40.00;    1.03;   0.944;       0;    4.47;  987.57;    6.06
08.02.2024 22:55:00;  101.00;  -50.00;   40.00;    1.03;   0.944;       3;    3.54;  987.57;    4.64
08.02.2024 22:56:00;  101.00;  -50.00;   40.00;    1.03;   0.944;       0;    2.34;  987.58;    3.93
08.02.2024 22:57:00;  101.00;  -50.00;   40.00;    1.03;   0.944;       0;    2.78;  987.56;    4.12
08.02.2024 22:58:00;  101.00;  -50.00;   40.00;    1.04;   0.944;       3;    3.85;  987.55;    4.91
08.02.2024 22:59:00;   85.90;  -50.00;   40.00;    1.04;   0.944;       0;    3.98;  987.52;    5.84
08.02.2024 23:00:00;  101.00;  -50.00;   40.00;    1.04;   0.944;       4;    3.89;  987.51;    5.05
08.02.2024 23:01:00;  101.00;  -50.00;   40.00;    1.03;   0.944;       3;    3.69;  987.52;    4.48
08.02.2024 23:02:00;  101.00;  -50.00;   40.00;    1.03;   0.944;       4;    3.05;  987.50;    4.43
08.02.2024 23:03:00;  101.00;  -50.00;   40.00;    1.03;   0.944;       4;    3.84;  987.50;    5.27
08.02.2024 23:04:00;   90.93;  -50.00;   40.00;    1.04;   0.944;       5;    5.34;  987.51;    6.31
08.02.2024 23:05:00;   80.87;  -50.00;   40.00;    1.04;   0.945;       4;    3.13;  987.51;    4.63
08.02.2024 23:06:00;  101.00;  -50.00;   40.00;    1.05;   0.944;       5;    3.73;  987.49;    5.67
08.02.2024 23:07:00;  101.00;  -50.00;   40.00;    1.05;   0.944;       5;    4.53;  987.47;    5.99
08.02.2024 23:08:00;   95.97;  -50.00;   40.00;    1.06;   0.945;       4;    4.61;  987.49;    6.03
08.02.2024 23:09:00;  101.00;  -50.00;   40.00;    1.06;   0.945;       4;    3.11;  987.49;    5.12
08.02.2024 23:10:00;  101.00;  -50.00;   40.00;    1.06;   0.944;       0;    1.70;  987.50;    2.84
08.02.2024 23:11:00;  101.00;  -50.00;   40.00;    1.06;   0.944;       4;    3.23;  987.50;    6.38
08.02.2024 23:12:00;  101.00;  -50.00;   40.00;    1.07;   0.944;       0;    3.94;  987.48;    5.82
08.02.2024 23:13:00;  101.00;  -50.00;   40.00;    1.07;   0.944;       3;    2.90;  987.47;    3.52
08.02.2024 23:14:00;  101.00;  -50.00;   40.00;    1.07;   0.945;       0;    3.19;  987.44;    4.44
08.02.2024 23:15:00;  101.00;  -50.00;   40.00;    1.08;   0.945;       0;    4.52;  987.46;    5.63
08.02.2024 23:16:00;   70.80;  -50.00;   40.00;    1.08;   0.945;       3;    3.50;  987.45;    4.64
08.02.2024 23:17:00;  101.00;  -50.00;   40.00;    1.09;   0.944;       0;    2.66;  987.44;    4.96
08.02.2024 23:18:00;  101.00;  -50.00;   40.00;    1.09;   0.945;       3;    3.81;  987.44;    7.03
08.02.2024 23:19:00;  101.00;  -50.00;   40.00;    1.10;   0.945;       0;    1.63;  987.42;    2.53
08.02.2024 23:20:00;  101.00;  -50.00;   40.00;    1.11;   0.945;       4;    2.82;  987.41;    3.79
08.02.2024 23:21:00;  101.00;  -50.00;   40.00;    1.12;   0.945;       0;    1.95;  987.42;    2.98
08.02.2024 23:22:00;  101.00;  -50.00;   40.00;    1.12;   0.945;       4;    4.33;  987.46;    8.57
08.02.2024 23:23:00;  101.00;  -50.00;   40.00;    1.13;   0.945;       0;    4.92;  987.42;    7.08
08.02.2024 23:24:00;  101.00;  -50.00;   40.00;    1.14;   0.945;       4;    2.72;  987.46;    4.53
08.02.2024 23:25:00;  101.00;  -50.00;   40.00;    1.14;   0.945;       0;    4.48;  987.42;    7.48
08.02.2024 23:26:00;  101.00;  -50.00;   40.00;    1.15;   0.945;       3;    3.32;  987.41;    5.56
08.02.2024 23:27:00;   95.97;  -50.00;   40.00;    1.15;   0.945;       0;    2.59;  987.39;    4.16
08.02.2024 23:28:00;  101.00;  -50.00;   40.00;    1.16;   0.945;       3;    3.27;  987.40;    6.03
08.02.2024 23:29:00;  101.00;  -50.00;   40.00;    1.17;   0.945;       0;    4.43;  987.43;    5.67
08.02.2024 23:30:00;  101.00;  -50.00;   40.00;    1.17;   0.945;       3;    2.48;  987.43;    3.51
08.02.2024 23:31:00;  101.00;  -50.00;   40.00;    1.18;   0.945;       0;    2.07;  987.45;    3.92
08.02.2024 23:32:00;  101.00;  -50.00;   40.00;    1.18;   0.945;       4;    5.16;  987.42;    7.53
08.02.2024 23:33:00;  101.00;  -50.00;   40.00;    1.19;   0.945;       0;    3.75;  987.38;    5.49
08.02.2024 23:34:00;   90.93;  -50.00;   40.00;    1.20;   0.945;       4;    2.82;  987.39;    4.49
08.02.2024 23:35:00;  101.00;  -50.00;   40.00;    1.20;   0.945;       0;    3.85;  987.38;    4.95
08.02.2024 23:36:00;  101.00;  -50.00;   40.00;    1.20;   0.945;       0;    3.14;  987.37;    5.81
08.02.2024 23:37:00;  101.00;  -50.00;   40.00;    1.21;   0.945;       4;    3.00;  987.38;    3.62
08.02.2024 23:38:00;   90.93;  -50.00;   40.00;    1.22;   0.945;       0;    1.80;  987.35;    2.54
08.02.2024 23:39:00;   95.97;  -50.00;   40.00;    1.23;   0.945;       3;    1.88;  987.33;    2.48
08.02.2024 23:40:00;  101.00;  -50.00;   40.00;    1.22;   0.945;       0;    1.62;  987.28;    2.83
08.02.2024 23:41:00;  101.00;  -50.00;   40.00;    1.22;   0.945;       0;    3.83;  987.30;    7.19
08.02.2024 23:42:00;  101.00;  -50.00;   40.00;    1.22;   0.945;       0;    4.85;  987.26;    5.94
08.02.2024 23:43:00;  101.00;  -50.00;   40.00;    1.23;   0.945;       3;    5.11;  987.22;    6.25
08.02.2024 23:44:00;  101.00;  -50.00;   40.00;    1.23;   0.945;       0;    2.96;  987.22;    6.14
08.02.2024 23:45:00;  101.00;  -50.00;   40.00;    1.24;   0.945;       0;    2.35;  987.20;    3.50
08.02.2024 23:46:00;  101.00;  -50.00;   40.00;    1.24;   0.945;       0;    2.02;  987.16;    2.77
08.02.2024 23:47:00;  101.00;  -50.00;   40.00;    1.24;   0.945;       4;    4.49;  987.14;    5.96
08.02.2024 23:48:00;  101.00;  -50.00;   40.00;    1.24;   0.945;       0;    4.80;  987.12;    6.60
08.02.2024 23:49:00;  101.00;  -50.00;   40.00;    1.25;   0.945;       0;    4.13;  987.10;    5.31
08.02.2024 23:50:00;  101.00;  -50.00;   40.00;    1.25;   0.945;       0;    1.96;  987.08;    3.71
08.02.2024 23:51:00;   85.90;  -50.00;   40.00;    1.25;   0.945;       0;    4.53;  987.09;    6.97
08.02.2024 23:52:00;  101.00;  -50.00;   40.00;    1.26;   0.945;       0;    5.16;  987.05;    6.97
08.02.2024 23:53:00;  101.00;  -50.00;   40.00;    1.26;   0.945;       3;    4.26;  987.09;    6.38
08.02.2024 23:54:00;  101.00;  -50.00;   40.00;    1.27;   0.945;       0;    4.44;  987.02;    6.41
08.02.2024 23:55:00;   90.93;  -50.00;   40.00;    1.27;   0.945;       0;    2.79;  987.01;    7.13
08.02.2024 23:56:00;  101.00;  -50.00;   40.00;    1.28;   0.945;       3;    5.60;  986.99;    7.15
08.02.2024 23:57:00;  101.00;  -50.00;   40.00;    1.28;   0.945;       0;    3.29;  986.95;    4.17
08.02.2024 23:58:00;  101.00;  -50.00;   40.00;    1.28;   0.945;       0;    3.25;  986.94;    4.96
08.02.2024 23:59:00;  101.00;  -50.00;   40.00;    1.29;   0.945;       4;    4.93;  986.91;    8.68
